timestamp,open,high,low,close,volume
1736874000000.0,0.635,0.635,0.615,0.6224,308968.73
1736877600000.0,0.6224,0.624,0.615,0.6162,166791.79
1736881200000.0,0.6162,0.63,0.6117,0.6185,491738.79
1736884800000.0,0.6176,0.6225,0.6108,0.6201,189467.53
1736888400000.0,0.6206,0.6313,0.6205,0.6259,401667.48
1736892000000.0,0.6248,0.6329,0.624,0.6307,158511.78
1736895600000.0,0.6306,0.6314,0.6173,0.6184,316361.33
1736899200000.0,0.6184,0.6223,0.6118,0.6149,83695.56
1736902800000.0,0.6131,0.62,0.6019,0.6022,177828.39
1736906400000.0,0.6028,0.6067,0.5792,0.5865,350962.2
1736910000000.0,0.5866,0.5904,0.5807,0.5859,373059.41
1736913600000.0,0.5872,0.5877,0.5739,0.5744,95690.4
1736917200000.0,0.5747,0.5774,0.5641,0.5722,187121.27
1736920800000.0,0.5722,0.5768,0.568,0.5693,59035.45
1736924400000.0,0.5693,0.575,0.5648,0.5706,305707.24
1736928000000.0,0.5705,0.5724,0.5641,0.5642,29663.08
1736931600000.0,0.5639,0.5663,0.5519,0.5529,32134.74
1736935200000.0,0.5533,0.5586,0.5498,0.55,164057.15
1736938800000.0,0.5499,0.5503,0.5388,0.548,123925.86
1736942400000.0,0.5507,0.5572,0.5455,0.5525,66586.58
1736946000000.0,0.5524,0.585,0.549,0.579,162153.61
1736949600000.0,0.5814,0.5946,0.5665,0.5923,193714.5
1736953200000.0,0.5937,0.6049,0.5851,0.5982,207246.66
1736956800000.0,0.5982,0.64,0.5982,0.6328,436344.63
1736960400000.0,0.6322,0.6512,0.6265,0.6285,231390.56
1736964000000.0,0.6285,0.6335,0.6155,0.6267,163125.7
1736967600000.0,0.6291,0.635,0.6224,0.6316,136934.7
1736971200000.0,0.6316,0.6445,0.631,0.6357,201807.27
1736974800000.0,0.6361,0.6421,0.6314,0.6363,118739.59
1736978400000.0,0.6382,0.645,0.6326,0.6421,126713.41
1736982000000.0,0.6429,0.6462,0.6385,0.6453,195630.34
1736985600000.0,0.6467,0.6549,0.6271,0.6335,286061.45
1736989200000.0,0.6338,0.6558,0.6314,0.6417,196211.31
1736992800000.0,0.6417,0.6417,0.6266,0.6293,147271.12
1736996400000.0,0.6275,0.6332,0.6202,0.6276,114783.82
1737000000000.0,0.6283,0.6292,0.6174,0.6204,129087.43
1737003600000.0,0.6216,0.6378,0.6148,0.6363,121193.99
1737007200000.0,0.6356,0.6419,0.6302,0.6313,129384.37
1737010800000.0,0.6308,0.6337,0.6242,0.6326,84169.25
1737014400000.0,0.633,0.6332,0.6084,0.617,36032.22
1737018000000.0,0.6177,0.6263,0.6116,0.6166,100287.92
1737021600000.0,0.6161,0.6177,0.6113,0.612,86994.89
1737025200000.0,0.6124,0.6233,0.6085,0.6208,53471.68
1737028800000.0,0.6218,0.6298,0.6147,0.6202,120291.07
1737032400000.0,0.6216,0.6322,0.6108,0.629,173011.61
1737036000000.0,0.6276,0.6292,0.5926,0.6009,219102.76
1737039600000.0,0.6006,0.6178,0.5986,0.6159,149353.2
1737043200000.0,0.6159,0.6277,0.6042,0.6078,151266.42
1737046800000.0,0.6066,0.6183,0.6044,0.6142,84988.15
1737050400000.0,0.6143,0.6195,0.6084,0.6112,155368.02
1737054000000.0,0.6109,0.6167,0.6059,0.6167,103517.56
1737057600000.0,0.6161,0.6195,0.6102,0.6126,90802.63
1737061200000.0,0.6126,0.6126,0.6033,0.6073,80537.94
1737064800000.0,0.6078,0.608,0.5942,0.5967,92003.76
1737068400000.0,0.5975,0.6013,0.5916,0.5989,131637.68
1737072000000.0,0.5991,0.603,0.5964,0.5992,105264.62
1737075600000.0,0.5991,0.6203,0.5977,0.6139,171086.08
1737079200000.0,0.6135,0.6211,0.609,0.612,117376.83
1737082800000.0,0.6119,0.612,0.6021,0.6056,86959.9
1737086400000.0,0.6067,0.6139,0.6022,0.6134,105603.63
1737090000000.0,0.6134,0.614,0.6066,0.6099,104383.58
1737093600000.0,0.6098,0.6139,0.6029,0.6088,137792.51
1737097200000.0,0.608,0.6147,0.6047,0.6121,155416.38
1737100800000.0,0.6137,0.6562,0.6137,0.6504,376415.03
1737104400000.0,0.6501,0.66,0.6262,0.6355,281093.27
1737108000000.0,0.6351,0.6479,0.6286,0.6445,206718.78
1737111600000.0,0.6448,0.6535,0.6369,0.6484,232941.35
1737115200000.0,0.6481,0.6496,0.6277,0.6338,209150.21
1737118800000.0,0.6337,0.6393,0.628,0.6333,149787.53
1737122400000.0,0.634,0.6496,0.6328,0.646,384112.13
1737126000000.0,0.6467,0.6653,0.6464,0.6584,615624.87
1737129600000.0,0.6592,0.6737,0.6552,0.6565,368289.57
1737133200000.0,0.6561,0.6602,0.6399,0.6429,256200.1
1737136800000.0,0.6431,0.6456,0.6358,0.6371,135404.67
1737140400000.0,0.6376,0.6458,0.6361,0.6371,133971.07
1737144000000.0,0.6381,0.6653,0.6379,0.6628,196251.82
1737147600000.0,0.6627,0.6655,0.6504,0.6518,200699.48
1737151200000.0,0.6534,0.6582,0.6504,0.6532,307194.79
1737154800000.0,0.6532,0.6587,0.6488,0.6523,478201.51
1737158400000.0,0.6526,0.6664,0.6488,0.6616,355755.72
1737162000000.0,0.6616,0.6818,0.6598,0.6715,162782.56
1737165600000.0,0.6712,0.6829,0.6376,0.6392,474595.36
1737169200000.0,0.64,0.6438,0.5657,0.5696,1890349.18
1737172800000.0,0.5673,0.5713,0.5465,0.5562,545139.38
1737176400000.0,0.5579,0.5589,0.5264,0.5289,397023.19
1737180000000.0,0.5315,0.5493,0.5285,0.5416,212941.7
1737183600000.0,0.5426,0.5441,0.5277,0.532,220988.87
1737187200000.0,0.5306,0.542,0.5262,0.5349,149754.21
1737190800000.0,0.5321,0.5407,0.5284,0.5407,104072.99
1737194400000.0,0.54,0.5437,0.5279,0.5359,159362.82
1737198000000.0,0.5363,0.5448,0.527,0.5356,420155.14
1737201600000.0,0.5357,0.5391,0.5298,0.535,232458.91
1737205200000.0,0.535,0.5379,0.5305,0.5379,303534.75
1737208800000.0,0.5379,0.538,0.5127,0.5173,302264.74
1737212400000.0,0.5173,0.5289,0.5113,0.5197,217939.35
1737216000000.0,0.5209,0.5459,0.5157,0.5211,403905.09
1737219600000.0,0.5225,0.5354,0.5128,0.5134,594102.56
1737223200000.0,0.513,0.5182,0.5047,0.5092,286222.13
1737226800000.0,0.5099,0.5186,0.5099,0.5136,224207.21
1737230400000.0,0.5136,0.5156,0.5,0.5027,222381.55
1737234000000.0,0.5027,0.5139,0.5025,0.5043,287772.23
1737237600000.0,0.5043,0.5122,0.5031,0.5086,232920.03
1737241200000.0,0.5075,0.5181,0.5071,0.5105,344116.32
1737244800000.0,0.5117,0.5314,0.5117,0.5298,600045.21
1737248400000.0,0.5298,0.5381,0.5259,0.5293,430767.71
1737252000000.0,0.5299,0.5419,0.5273,0.534,588779.44
1737255600000.0,0.535,0.5365,0.5256,0.5263,219563.51
1737259200000.0,0.5271,0.5275,0.512,0.514,330976.91
1737262800000.0,0.5138,0.5201,0.5052,0.5152,328545.19
1737266400000.0,0.5165,0.5177,0.4996,0.4998,528391.75
1737270000000.0,0.4998,0.5073,0.4902,0.4985,461931.39
1737273600000.0,0.4993,0.4993,0.4669,0.47,762541.66
1737277200000.0,0.4701,0.4701,0.4475,0.4633,1103172.84
1737280800000.0,0.4617,0.4617,0.4503,0.4524,277050.72
1737284400000.0,0.4531,0.4541,0.4241,0.4297,447198.45
1737288000000.0,0.4297,0.4477,0.4279,0.4422,509188.44
1737291600000.0,0.4435,0.4471,0.4336,0.4414,417061.94
1737295200000.0,0.4404,0.4583,0.4395,0.4473,1395629.95
1737298800000.0,0.4473,0.4617,0.4459,0.454,858272.07
1737302400000.0,0.4525,0.4749,0.4517,0.4626,1381224.14
1737306000000.0,0.4625,0.4791,0.4587,0.4728,709967.11
1737309600000.0,0.4732,0.4877,0.4727,0.4874,430536.06
1737313200000.0,0.4866,0.5117,0.4813,0.5053,1175127.75
1737316800000.0,0.507,0.5137,0.4928,0.4978,1032231.86
1737320400000.0,0.4981,0.5072,0.4601,0.4605,2005594.95
1737324000000.0,0.4592,0.4739,0.4284,0.4504,777823.51
1737327600000.0,0.4501,0.4501,0.4243,0.4303,986976.17
1737331200000.0,0.4303,0.4312,0.385,0.386,2563677.72
1737334800000.0,0.3891,0.3954,0.381,0.3893,1290592.29
1737338400000.0,0.388,0.3987,0.3776,0.3799,1330206.21
1737342000000.0,0.3803,0.3948,0.3776,0.3864,1171004.49
1737345600000.0,0.3862,0.3922,0.3823,0.3845,646855.67
1737349200000.0,0.3842,0.3937,0.3799,0.3853,659505.1
1737352800000.0,0.3851,0.4263,0.3849,0.422,1151504.24
1737356400000.0,0.4226,0.4362,0.4147,0.4258,1151081.79
1737360000000.0,0.4272,0.4376,0.4254,0.4337,585777.97
1737363600000.0,0.4348,0.4357,0.4211,0.4261,894507.88
1737367200000.0,0.426,0.4271,0.4113,0.4135,409423.57
1737370800000.0,0.4141,0.4193,0.4061,0.4171,646448.03
1737374400000.0,0.4176,0.4182,0.3943,0.3996,1042113.1
1737378000000.0,0.3998,0.4045,0.3914,0.3972,465148.36
1737381600000.0,0.3975,0.3991,0.3924,0.3967,351858.46
1737385200000.0,0.396,0.4005,0.3868,0.3892,832339.98
1737388800000.0,0.3891,0.4044,0.3782,0.4016,953502.44
1737392400000.0,0.4012,0.4015,0.358,0.3713,2279317.45
1737396000000.0,0.372,0.3866,0.3717,0.3817,617203.8
1737399600000.0,0.3823,0.3825,0.3742,0.379,614202.85
1737403200000.0,0.379,0.389,0.3776,0.3834,464552.32
1737406800000.0,0.3827,0.3836,0.3702,0.3714,299214.67
1737410400000.0,0.3716,0.3809,0.3663,0.3786,601043.82
1737414000000.0,0.3788,0.3828,0.3733,0.3761,478588.75
1737417600000.0,0.376,0.3879,0.3701,0.3705,1030208.09
1737421200000.0,0.3708,0.3807,0.3675,0.3731,530017.83
1737424800000.0,0.373,0.375,0.3636,0.3746,817382.56
1737428400000.0,0.3745,0.3767,0.3645,0.369,843381.72
1737432000000.0,0.3689,0.3725,0.3564,0.3714,597075.31
1737435600000.0,0.3712,0.3798,0.3666,0.3729,459755.65
1737439200000.0,0.373,0.382,0.368,0.37,433964.02
1737442800000.0,0.37,0.3726,0.3641,0.3663,528594.82
1737446400000.0,0.3664,0.3695,0.3598,0.3647,398280.18
1737450000000.0,0.3649,0.3719,0.3605,0.3632,975831.19
1737453600000.0,0.3633,0.368,0.3587,0.3651,467309.25
1737457200000.0,0.3654,0.3965,0.3647,0.3855,1024323.21
1737460800000.0,0.3861,0.3872,0.3732,0.3746,495466.75
1737464400000.0,0.3748,0.3793,0.3648,0.3712,679007.56
1737468000000.0,0.3714,0.3789,0.3658,0.3673,1015903.64
1737471600000.0,0.3674,0.3742,0.3654,0.373,612679.27
1737475200000.0,0.3728,0.3864,0.3708,0.3759,662830.41
1737478800000.0,0.3757,0.3853,0.3736,0.3839,472121.6
1737482400000.0,0.3837,0.3865,0.3788,0.3854,781698.31
1737486000000.0,0.3857,0.386,0.3759,0.3848,856614.26
1737489600000.0,0.3844,0.3863,0.3763,0.3787,429327.14
1737493200000.0,0.3788,0.3813,0.3748,0.3756,269818.46
1737496800000.0,0.3754,0.3785,0.3707,0.3724,250597.12
1737500400000.0,0.3723,0.3725,0.3655,0.3718,507640.9
1737504000000.0,0.3715,0.3797,0.3677,0.3795,452418.25
1737507600000.0,0.3792,0.3807,0.3666,0.3689,684092.6
1737511200000.0,0.3689,0.3716,0.3674,0.3697,374192.41
1737514800000.0,0.3696,0.3788,0.3696,0.3774,345264.47
1737518400000.0,0.3773,0.3781,0.3677,0.3706,278319.52
1737522000000.0,0.3702,0.3781,0.3701,0.3766,258309.42
1737525600000.0,0.3763,0.3796,0.3694,0.3751,273298.62
1737529200000.0,0.3756,0.3762,0.3683,0.3688,346061.17
1737532800000.0,0.369,0.3712,0.361,0.3696,443934.79
1737536400000.0,0.3697,0.3703,0.3652,0.3664,233414.39
1737540000000.0,0.367,0.369,0.3631,0.3681,91320.81
1737543600000.0,0.3685,0.3785,0.3675,0.3764,299158.47
1737547200000.0,0.3765,0.3771,0.3664,0.3686,211060.44
1737550800000.0,0.3686,0.3711,0.362,0.3631,440174.94
1737554400000.0,0.3632,0.3646,0.3505,0.3615,641762.73
1737558000000.0,0.3615,0.3644,0.3553,0.3607,724021.37
1737561600000.0,0.3612,0.3733,0.3572,0.3699,553242.76
1737565200000.0,0.3702,0.3704,0.3644,0.3665,283810.99
1737568800000.0,0.3668,0.3672,0.3523,0.3529,259740.56
1737572400000.0,0.353,0.3659,0.353,0.3638,275423.75
1737576000000.0,0.3635,0.3669,0.3598,0.3608,280011.19
1737579600000.0,0.3608,0.3636,0.3572,0.3609,199100.86
1737583200000.0,0.3597,0.365,0.3541,0.3541,228979.14
1737586800000.0,0.3542,0.3577,0.3517,0.3557,327268.22
1737590400000.0,0.3552,0.3667,0.354,0.3643,495720.92
1737594000000.0,0.3644,0.3658,0.357,0.3582,199641.97
1737597600000.0,0.3586,0.3621,0.3562,0.3588,354955.93
1737601200000.0,0.3586,0.3627,0.3531,0.3555,336919.21
1737604800000.0,0.356,0.3599,0.345,0.3492,513056.65
1737608400000.0,0.3495,0.357,0.3495,0.3566,386457.07
1737612000000.0,0.3565,0.3579,0.3517,0.3579,182613.6
1737615600000.0,0.358,0.3699,0.3579,0.3663,647177.84
1737619200000.0,0.3663,0.3695,0.3583,0.3602,305567.29
1737622800000.0,0.359,0.3625,0.357,0.3607,747237.74
1737626400000.0,0.3606,0.3644,0.3536,0.3558,491153.4
1737630000000.0,0.3559,0.3624,0.3538,0.3612,209439.55
1737633600000.0,0.3608,0.3608,0.3472,0.3475,274925.41
1737637200000.0,0.3474,0.3515,0.3406,0.3496,550058.66
1737640800000.0,0.3496,0.3614,0.3461,0.3553,807473.3
1737644400000.0,0.3555,0.3569,0.3442,0.3526,531348.94
1737648000000.0,0.3525,0.3627,0.3525,0.3561,620845.74
1737651600000.0,0.356,0.3567,0.3503,0.3546,391250.05
1737655200000.0,0.3547,0.3563,0.3419,0.3446,582758.45
1737658800000.0,0.3449,0.345,0.3349,0.3361,460124.45
1737662400000.0,0.3362,0.3504,0.3337,0.3425,1176684.54
1737666000000.0,0.3426,0.3436,0.3325,0.3353,633447.22
1737669600000.0,0.335,0.3487,0.3345,0.3467,182114.35
1737673200000.0,0.3477,0.3498,0.3433,0.3443,119108.24
1737676800000.0,0.3445,0.3481,0.3385,0.3391,751010.58
1737680400000.0,0.3392,0.3407,0.3326,0.334,348499.58
1737684000000.0,0.3344,0.3361,0.3294,0.3313,330084.3
1737687600000.0,0.3316,0.3357,0.3277,0.3329,478643.44
1737691200000.0,0.3328,0.3487,0.332,0.3477,369483.74
1737694800000.0,0.3472,0.3538,0.3465,0.351,632365.03
1737698400000.0,0.3514,0.3531,0.3484,0.35,202859.49
1737702000000.0,0.3506,0.3561,0.3506,0.3519,131914.87
1737705600000.0,0.3518,0.3543,0.3511,0.3514,192297.01
1737709200000.0,0.3526,0.3532,0.3472,0.3487,260935.0
1737712800000.0,0.3488,0.3531,0.3451,0.3523,313970.18
1737716400000.0,0.3522,0.3564,0.3513,0.356,320346.26
1737720000000.0,0.3561,0.3564,0.3471,0.3496,256026.79
1737723600000.0,0.3499,0.351,0.3457,0.3494,163506.43
1737727200000.0,0.3494,0.3661,0.3485,0.3551,422946.7
1737730800000.0,0.3555,0.3573,0.3391,0.344,247078.19
1737734400000.0,0.3447,0.3487,0.3423,0.3442,136579.61
1737738000000.0,0.3437,0.3518,0.3408,0.3502,154204.1
1737741600000.0,0.3505,0.3509,0.3421,0.3446,103798.95
1737745200000.0,0.3448,0.3451,0.3396,0.3411,142593.8
1737748800000.0,0.3413,0.3417,0.3326,0.3335,169929.22
1737752400000.0,0.3331,0.3347,0.3291,0.3307,196793.59
1737756000000.0,0.3304,0.3304,0.3227,0.3236,356747.55
1737759600000.0,0.3234,0.3238,0.3165,0.3179,581119.0
1737763200000.0,0.3178,0.3178,0.3044,0.3057,891691.93
1737766800000.0,0.3052,0.3116,0.3044,0.3066,289430.77
1737770400000.0,0.3068,0.314,0.3051,0.314,268226.88
1737774000000.0,0.3142,0.3162,0.312,0.3133,274663.38
1737777600000.0,0.3134,0.3145,0.3093,0.3102,128002.93
1737781200000.0,0.3102,0.3227,0.3081,0.3213,1022878.37
1737784800000.0,0.3212,0.3266,0.3167,0.3211,1012345.34
1737788400000.0,0.3209,0.3219,0.3141,0.3157,222471.5
1737792000000.0,0.3161,0.3182,0.3131,0.3143,81456.12
1737795600000.0,0.3139,0.315,0.3115,0.312,134735.49
1737799200000.0,0.3119,0.315,0.3071,0.315,153634.6
1737802800000.0,0.3151,0.3228,0.3148,0.3193,307147.82
1737806400000.0,0.3195,0.3195,0.3147,0.3163,171244.41
1737810000000.0,0.3164,0.3187,0.315,0.3163,72650.94
1737813600000.0,0.3158,0.3186,0.3142,0.3185,76319.77
1737817200000.0,0.3186,0.322,0.3186,0.3186,151456.82
1737820800000.0,0.3185,0.3198,0.3134,0.3162,211179.67
1737824400000.0,0.3164,0.3176,0.3117,0.3176,173958.03
1737828000000.0,0.3182,0.3214,0.316,0.3178,82463.67
1737831600000.0,0.318,0.3189,0.3137,0.3156,247239.98
1737835200000.0,0.3157,0.3181,0.312,0.3125,308471.09
1737838800000.0,0.3124,0.3133,0.3097,0.3127,170510.6
1737842400000.0,0.3128,0.3141,0.3111,0.3114,61029.19
1737846000000.0,0.3119,0.3126,0.3086,0.3097,124452.87
1737849600000.0,0.3096,0.3156,0.3075,0.3148,234917.46
1737853200000.0,0.3147,0.3176,0.3122,0.3122,182382.38
1737856800000.0,0.3121,0.3138,0.3089,0.3106,330881.77
1737860400000.0,0.3107,0.3132,0.3085,0.3105,377318.79
1737864000000.0,0.3103,0.3128,0.309,0.312,200415.26
1737867600000.0,0.3118,0.3118,0.3079,0.3099,197547.69
1737871200000.0,0.3101,0.3105,0.3079,0.3099,79837.2
1737874800000.0,0.31,0.3109,0.3062,0.3097,340660.0
1737878400000.0,0.3098,0.311,0.3066,0.3073,249220.13
1737882000000.0,0.3074,0.3096,0.3053,0.3074,342411.61
1737885600000.0,0.3075,0.3075,0.3016,0.3062,312822.24
1737889200000.0,0.3064,0.3147,0.3061,0.3143,80904.38
1737892800000.0,0.314,0.314,0.3081,0.3107,161035.28
1737896400000.0,0.3112,0.3135,0.3089,0.3128,42754.69
1737900000000.0,0.3127,0.3183,0.3118,0.3151,383261.73
1737903600000.0,0.3148,0.3177,0.3139,0.3152,296051.72
1737907200000.0,0.315,0.3155,0.3118,0.3148,64048.45
1737910800000.0,0.315,0.3253,0.3148,0.3163,500196.89
1737914400000.0,0.3162,0.3171,0.3134,0.3148,139983.64
1737918000000.0,0.3149,0.32,0.3127,0.3186,231594.29
1737921600000.0,0.3185,0.3202,0.3121,0.3124,226843.04
1737925200000.0,0.3125,0.3125,0.3043,0.3043,264065.19
1737928800000.0,0.304,0.3047,0.279,0.2834,1083922.2
1737932400000.0,0.2833,0.2838,0.2715,0.2737,723208.7
1737936000000.0,0.2736,0.2754,0.268,0.2695,638380.2
1737939600000.0,0.2696,0.2708,0.2631,0.2657,697692.45
1737943200000.0,0.2651,0.2666,0.2603,0.2616,624873.42
1737946800000.0,0.2617,0.264,0.2607,0.2636,248490.73
1737950400000.0,0.2636,0.2646,0.2568,0.258,432237.29
1737954000000.0,0.2582,0.2593,0.2553,0.2576,270448.07
1737957600000.0,0.2572,0.2585,0.2502,0.2517,747745.21
1737961200000.0,0.2518,0.2548,0.2403,0.2496,1293729.12
1737964800000.0,0.2493,0.2496,0.2428,0.2472,578623.2
1737968400000.0,0.2471,0.2518,0.2463,0.2481,143119.89
1737972000000.0,0.2484,0.2485,0.242,0.2431,222756.88
1737975600000.0,0.2435,0.2533,0.2427,0.2486,315171.23
1737979200000.0,0.2489,0.2566,0.2481,0.2537,316456.33
1737982800000.0,0.2545,0.2631,0.2536,0.2545,265899.37
1737986400000.0,0.254,0.2605,0.2515,0.2582,418664.48
1737990000000.0,0.2581,0.2599,0.2552,0.2579,228967.51
1737993600000.0,0.2578,0.2608,0.2495,0.2507,281278.79
1737997200000.0,0.2508,0.2526,0.2459,0.2471,340694.34
1738000800000.0,0.2472,0.2498,0.2446,0.2461,106096.57
1738004400000.0,0.2462,0.2497,0.246,0.2479,107748.5
1738008000000.0,0.248,0.274,0.248,0.27,457988.04
1738011600000.0,0.2702,0.2731,0.2657,0.2664,518920.6
1738015200000.0,0.2665,0.2701,0.2665,0.2678,262991.89
1738018800000.0,0.2678,0.2703,0.2659,0.2674,94413.17
1738022400000.0,0.2674,0.2751,0.2674,0.2715,366896.18
1738026000000.0,0.2717,0.2758,0.265,0.2736,264696.05
1738029600000.0,0.2732,0.2735,0.266,0.268,201085.21
1738033200000.0,0.2675,0.2698,0.2643,0.2688,216345.43
1738036800000.0,0.269,0.2706,0.266,0.2677,517740.99
1738040400000.0,0.2675,0.2712,0.2657,0.2665,102403.46
1738044000000.0,0.2661,0.2665,0.2614,0.2622,116055.77
1738047600000.0,0.2622,0.2627,0.258,0.2607,549080.05
1738051200000.0,0.261,0.2628,0.259,0.2628,149377.69
1738054800000.0,0.2629,0.2636,0.2588,0.2617,110275.44
1738058400000.0,0.2616,0.262,0.2597,0.2599,48064.7
1738062000000.0,0.26,0.2614,0.2586,0.2596,86391.09
1738065600000.0,0.2598,0.2623,0.2563,0.2569,174075.8
1738069200000.0,0.257,0.2602,0.2568,0.2591,74557.32
1738072800000.0,0.259,0.2604,0.2555,0.2587,304633.65
1738076400000.0,0.2588,0.2634,0.2556,0.2576,293589.85
1738080000000.0,0.2577,0.2579,0.2519,0.2543,248201.56
1738083600000.0,0.2541,0.2574,0.2534,0.2554,199385.25
1738087200000.0,0.2555,0.2565,0.2502,0.2514,211297.96
1738090800000.0,0.2514,0.2522,0.2492,0.2514,313958.14
1738094400000.0,0.2511,0.2529,0.2439,0.2448,423944.95
1738098000000.0,0.245,0.247,0.2384,0.239,514063.63
1738101600000.0,0.2387,0.239,0.2311,0.2328,314909.98
1738105200000.0,0.2332,0.2342,0.2283,0.2301,405133.94
1738108800000.0,0.2304,0.2404,0.2286,0.2359,1594411.48
1738112400000.0,0.2362,0.25,0.2361,0.2451,1377056.1
1738116000000.0,0.245,0.2505,0.2448,0.2468,522040.29
1738119600000.0,0.2465,0.2524,0.2459,0.2506,459225.94
1738123200000.0,0.2508,0.2586,0.2493,0.2575,839484.43
1738126800000.0,0.2571,0.2607,0.2553,0.2569,1000374.42
1738130400000.0,0.2567,0.2611,0.2538,0.2555,621306.79
1738134000000.0,0.2558,0.2599,0.2552,0.2582,270816.73
1738137600000.0,0.2583,0.262,0.2561,0.2577,237891.26
1738141200000.0,0.2578,0.2578,0.2539,0.255,164687.0
1738144800000.0,0.2548,0.2591,0.2533,0.2571,249351.03
1738148400000.0,0.257,0.2593,0.2553,0.2577,104828.05
1738152000000.0,0.2576,0.2604,0.2566,0.2578,88401.85
1738155600000.0,0.2578,0.2578,0.2511,0.2515,308623.2
1738159200000.0,0.2518,0.2576,0.251,0.2537,801415.73
1738162800000.0,0.2542,0.2573,0.253,0.2573,240283.24
1738166400000.0,0.257,0.2676,0.2559,0.2618,1244489.42
1738170000000.0,0.2617,0.2637,0.2573,0.2581,859069.8
1738173600000.0,0.2584,0.2586,0.2535,0.2568,308996.37
1738177200000.0,0.2565,0.2673,0.2476,0.2614,771252.2
1738180800000.0,0.2617,0.2709,0.258,0.262,720115.07
1738184400000.0,0.2623,0.2658,0.259,0.26,356255.76
1738188000000.0,0.2603,0.2604,0.2538,0.2544,208935.25
1738191600000.0,0.2543,0.2559,0.2495,0.251,426565.7
1738195200000.0,0.251,0.2556,0.249,0.2556,481675.93
1738198800000.0,0.2558,0.2628,0.2545,0.2548,344732.83
1738202400000.0,0.2547,0.2558,0.2518,0.2545,255836.05
1738206000000.0,0.2546,0.2598,0.2528,0.2595,267445.13
1738209600000.0,0.2593,0.2625,0.2571,0.2616,278086.96
1738213200000.0,0.2611,0.265,0.259,0.2648,488264.86
1738216800000.0,0.2649,0.2682,0.2625,0.266,463000.52
1738220400000.0,0.2656,0.2697,0.265,0.2672,177929.7
1738224000000.0,0.2677,0.2684,0.261,0.2618,126017.55
1738227600000.0,0.2619,0.2649,0.2603,0.2614,150869.41
1738231200000.0,0.2617,0.2617,0.2585,0.2608,61500.65
1738234800000.0,0.261,0.2619,0.2583,0.2619,55956.19
1738238400000.0,0.2621,0.2645,0.2587,0.2611,308542.78
1738242000000.0,0.2608,0.2668,0.2586,0.2653,220153.1
1738245600000.0,0.2661,0.2688,0.262,0.2669,700271.91
1738249200000.0,0.2669,0.2686,0.261,0.2615,383351.1
1738252800000.0,0.2616,0.2669,0.2599,0.266,737807.39
1738256400000.0,0.2663,0.2677,0.2611,0.2619,505898.42
1738260000000.0,0.2618,0.2618,0.2556,0.2589,122012.42
1738263600000.0,0.2585,0.2602,0.2551,0.26,435814.86
1738267200000.0,0.2601,0.261,0.2558,0.2563,125832.6
1738270800000.0,0.2559,0.2577,0.2545,0.2556,126195.89
1738274400000.0,0.2558,0.2587,0.2539,0.2559,74931.67
1738278000000.0,0.2558,0.257,0.2524,0.253,134120.57
1738281600000.0,0.2531,0.2619,0.2503,0.2605,705526.36
1738285200000.0,0.2603,0.2621,0.2555,0.26,506917.97
1738288800000.0,0.2602,0.2613,0.2539,0.2541,539138.3
1738292400000.0,0.2541,0.2579,0.2498,0.2562,735966.45
1738296000000.0,0.256,0.2589,0.2524,0.2547,387681.17
1738299600000.0,0.2545,0.2556,0.2527,0.2538,176065.36
1738303200000.0,0.2537,0.2555,0.2511,0.253,204144.37
1738306800000.0,0.2534,0.2568,0.2512,0.2518,240568.84
1738310400000.0,0.2519,0.2535,0.2491,0.2492,276854.97
1738314000000.0,0.2491,0.2561,0.2485,0.2557,173522.16
1738317600000.0,0.2556,0.2563,0.2523,0.2555,78884.88
1738321200000.0,0.2556,0.2663,0.2556,0.265,302820.33
1738324800000.0,0.2648,0.2718,0.2631,0.27,1045778.94
1738328400000.0,0.2701,0.2842,0.2698,0.2819,1232977.31
1738332000000.0,0.2816,0.2841,0.2687,0.2708,803053.67
1738335600000.0,0.2709,0.2802,0.2709,0.2777,663376.94
1738339200000.0,0.2778,0.2812,0.2727,0.276,433574.56
1738342800000.0,0.2762,0.2777,0.2664,0.2671,240834.46
1738346400000.0,0.2669,0.2671,0.2542,0.2557,260070.77
1738350000000.0,0.2557,0.2623,0.2555,0.2602,159680.17
1738353600000.0,0.26,0.2617,0.2562,0.2596,215569.42
1738357200000.0,0.2595,0.2595,0.2532,0.2565,179702.08
1738360800000.0,0.2562,0.2562,0.251,0.2527,217360.53
1738364400000.0,0.2526,0.2535,0.2502,0.2515,165308.88
1738368000000.0,0.2514,0.2559,0.2494,0.2559,308486.12
1738371600000.0,0.2562,0.2625,0.2561,0.2598,223623.37
1738375200000.0,0.2596,0.2597,0.2551,0.2576,381588.87
1738378800000.0,0.2573,0.2588,0.2519,0.254,161188.1
1738382400000.0,0.2536,0.2587,0.2514,0.2578,150442.96
1738386000000.0,0.2574,0.2581,0.2538,0.2548,192017.13
1738389600000.0,0.2547,0.2549,0.2498,0.2523,140409.08
1738393200000.0,0.2522,0.2525,0.248,0.2488,73166.24
1738396800000.0,0.2486,0.2495,0.2389,0.241,160541.46
1738400400000.0,0.2405,0.2416,0.2336,0.2358,255399.68
1738404000000.0,0.2359,0.2376,0.2323,0.2333,150449.87
1738407600000.0,0.2329,0.2394,0.2324,0.2387,230042.55
1738411200000.0,0.2385,0.2412,0.2368,0.2391,165829.01
1738414800000.0,0.239,0.2401,0.2347,0.2354,331044.93
1738418400000.0,0.2351,0.237,0.2332,0.2335,274896.45
1738422000000.0,0.2335,0.2358,0.2306,0.2343,152443.98
1738425600000.0,0.2344,0.2352,0.2296,0.2299,311604.3
1738429200000.0,0.2301,0.2341,0.2301,0.2329,128300.91
1738432800000.0,0.2324,0.2324,0.2215,0.2231,291968.46
1738436400000.0,0.2232,0.2234,0.2161,0.2181,158309.87
1738440000000.0,0.2183,0.2186,0.2098,0.2134,456431.11
1738443600000.0,0.2132,0.2159,0.2107,0.2117,94004.22
1738447200000.0,0.2118,0.2126,0.2031,0.2043,559127.66
1738450800000.0,0.2041,0.205,0.1981,0.1986,956274.86
1738454400000.0,0.1987,0.2061,0.1987,0.2061,625362.14
1738458000000.0,0.2062,0.2102,0.2056,0.2078,385959.52
1738461600000.0,0.2077,0.2084,0.2031,0.2037,178370.37
1738465200000.0,0.2035,0.2049,0.1978,0.2007,283963.93
1738468800000.0,0.2004,0.2091,0.2002,0.2057,158814.4
1738472400000.0,0.2058,0.2078,0.2046,0.2053,392056.77
1738476000000.0,0.2054,0.2091,0.2054,0.2073,366818.23
1738479600000.0,0.2074,0.2087,0.2056,0.2077,451276.5
1738483200000.0,0.2075,0.2075,0.2052,0.2063,89392.13
1738486800000.0,0.2064,0.2076,0.2042,0.2071,36864.83
1738490400000.0,0.2071,0.2071,0.2031,0.2043,28333.57
1738494000000.0,0.2042,0.2053,0.1994,0.2003,126833.39
1738497600000.0,0.2003,0.2045,0.1988,0.1992,369984.17
1738501200000.0,0.1992,0.2061,0.199,0.2061,165598.27
1738504800000.0,0.2063,0.2088,0.2058,0.2072,312239.8
1738508400000.0,0.2071,0.208,0.2034,0.2059,496194.53
1738512000000.0,0.2059,0.2059,0.1895,0.1918,1191135.56
1738515600000.0,0.1917,0.195,0.186,0.1877,727873.79
1738519200000.0,0.1876,0.1886,0.1758,0.177,440092.35
1738522800000.0,0.1764,0.1828,0.1726,0.1799,440740.64
1738526400000.0,0.1799,0.189,0.1797,0.1828,193581.75
1738530000000.0,0.1827,0.1833,0.1788,0.1795,183069.62
1738533600000.0,0.1796,0.1854,0.1684,0.1784,2131694.73
1738537200000.0,0.1786,0.1824,0.1713,0.1824,2547144.37
1738540800000.0,0.1825,0.1825,0.1683,0.1724,995283.24
1738544400000.0,0.1726,0.1765,0.1449,0.1536,3167011.2
1738548000000.0,0.1544,0.1559,0.1329,0.1429,2813773.75
1738551600000.0,0.1433,0.1483,0.1429,0.145,942919.11
1738555200000.0,0.1463,0.1513,0.1447,0.146,1898379.02
1738558800000.0,0.1459,0.1594,0.1455,0.1588,1611594.46
1738562400000.0,0.1586,0.1629,0.1555,0.1617,740242.33
1738566000000.0,0.1616,0.1686,0.161,0.168,764221.24
1738569600000.0,0.1678,0.1726,0.1648,0.1723,1346909.09
1738573200000.0,0.1719,0.175,0.1688,0.1714,1338989.39
1738576800000.0,0.1715,0.1759,0.1715,0.1728,276727.46
1738580400000.0,0.1727,0.1755,0.172,0.1745,238472.3
1738584000000.0,0.1745,0.1762,0.172,0.1725,226488.7
1738587600000.0,0.1726,0.1795,0.1713,0.1726,1473395.68
1738591200000.0,0.1724,0.1837,0.1656,0.1819,1111992.51
1738594800000.0,0.1817,0.1901,0.1804,0.1876,611732.97
1738598400000.0,0.1874,0.1949,0.1841,0.1845,886172.03
1738602000000.0,0.1847,0.1878,0.183,0.1869,327019.1
1738605600000.0,0.1868,0.1901,0.1854,0.1879,526965.52
1738609200000.0,0.188,0.1913,0.1864,0.1911,248041.6
1738612800000.0,0.191,0.1917,0.1871,0.1915,186111.42
1738616400000.0,0.1916,0.1972,0.1897,0.1972,377206.28
1738620000000.0,0.197,0.1993,0.1934,0.1949,270115.63
1738623600000.0,0.195,0.1995,0.1944,0.1972,860704.02
1738627200000.0,0.1973,0.1999,0.1959,0.1961,809813.16
1738630800000.0,0.196,0.2007,0.1957,0.2,549148.25
1738634400000.0,0.2001,0.2007,0.1909,0.1926,711470.65
1738638000000.0,0.1929,0.1995,0.1922,0.1975,577114.56
1738641600000.0,0.1977,0.2156,0.1888,0.1902,8025564.3
1738645200000.0,0.1906,0.1928,0.1758,0.1773,2280151.87
1738648800000.0,0.1775,0.1826,0.1775,0.182,663397.26
1738652400000.0,0.1819,0.1845,0.1761,0.1777,604336.99
1738656000000.0,0.1778,0.1811,0.1749,0.1758,756168.85
1738659600000.0,0.1761,0.1785,0.1751,0.1753,292956.92
1738663200000.0,0.1754,0.1845,0.175,0.1803,321380.1
1738666800000.0,0.1802,0.1831,0.1799,0.1801,201057.6
1738670400000.0,0.1804,0.1935,0.1803,0.1911,557905.36
1738674000000.0,0.1908,0.1927,0.1859,0.1864,444285.36
1738677600000.0,0.1865,0.1933,0.1854,0.1913,390403.5
1738681200000.0,0.1913,0.2017,0.1892,0.1975,1859532.24
1738684800000.0,0.1977,0.2001,0.1909,0.1909,827322.27
1738688400000.0,0.1909,0.195,0.1895,0.1903,354180.74
1738692000000.0,0.1902,0.1952,0.1895,0.1944,741266.23
1738695600000.0,0.1942,0.1982,0.1878,0.1878,400353.89
1738699200000.0,0.1884,0.1894,0.1837,0.1843,588486.84
1738702800000.0,0.1842,0.1843,0.1789,0.179,455340.48
1738706400000.0,0.179,0.1832,0.1788,0.1824,314260.11
1738710000000.0,0.1826,0.1883,0.1815,0.1849,461658.17
1738713600000.0,0.1848,0.188,0.1843,0.1853,227649.86
1738717200000.0,0.1852,0.1899,0.1852,0.1891,949332.76
1738720800000.0,0.1892,0.1932,0.188,0.1929,1275196.72
1738724400000.0,0.1928,0.2015,0.192,0.1957,1456782.42
1738728000000.0,0.1956,0.2043,0.1935,0.1995,1019078.4
1738731600000.0,0.1995,0.2028,0.1949,0.1984,934601.93
1738735200000.0,0.1984,0.2017,0.1938,0.1971,432644.35
1738738800000.0,0.1969,0.1984,0.1935,0.1943,222614.81
1738742400000.0,0.1944,0.1953,0.1888,0.1907,841104.08
1738746000000.0,0.1905,0.1978,0.1872,0.1908,659477.41
1738749600000.0,0.1907,0.1955,0.1893,0.1936,775284.19
1738753200000.0,0.1937,0.1965,0.1914,0.1926,516276.85
1738756800000.0,0.1927,0.1941,0.1898,0.1916,639933.65
1738760400000.0,0.1915,0.1934,0.19,0.1927,265798.68
1738764000000.0,0.1928,0.1981,0.1898,0.1913,709472.83
1738767600000.0,0.1914,0.1943,0.1882,0.1922,498664.72
1738771200000.0,0.1921,0.1943,0.1848,0.1873,550549.39
1738774800000.0,0.1874,0.1895,0.1811,0.1832,653425.95
1738778400000.0,0.1834,0.1867,0.1831,0.1838,409510.09
1738782000000.0,0.1838,0.1909,0.1832,0.1901,344064.31
1738785600000.0,0.1896,0.1909,0.1826,0.1851,437438.88
1738789200000.0,0.1852,0.1858,0.1821,0.1831,133037.96
1738792800000.0,0.1827,0.1847,0.1789,0.1794,582816.97
1738796400000.0,0.1795,0.1822,0.1794,0.1815,114469.89
1738800000000.0,0.1815,0.1838,0.1792,0.1806,197918.12
1738803600000.0,0.1807,0.1847,0.1792,0.1811,164169.37
1738807200000.0,0.1812,0.1845,0.1806,0.1817,187902.02
1738810800000.0,0.182,0.184,0.1807,0.1819,495665.57
1738814400000.0,0.1819,0.1829,0.1807,0.1823,155065.14
1738818000000.0,0.1825,0.1825,0.1788,0.1795,969706.88
1738821600000.0,0.1796,0.1859,0.1774,0.1854,594187.18
1738825200000.0,0.1856,0.1856,0.1799,0.1803,216804.45
1738828800000.0,0.1805,0.1812,0.1777,0.1788,271714.49
1738832400000.0,0.1787,0.1821,0.177,0.1795,207638.76
1738836000000.0,0.1795,0.1801,0.1769,0.1792,237326.21
1738839600000.0,0.1793,0.1793,0.1746,0.1775,259014.84
1738843200000.0,0.1774,0.1783,0.1714,0.1734,343050.27
1738846800000.0,0.1732,0.1772,0.1727,0.1762,217575.82
1738850400000.0,0.1762,0.1768,0.1689,0.1707,271669.59
1738854000000.0,0.1708,0.173,0.1647,0.1659,428646.96
1738857600000.0,0.1657,0.1677,0.1637,0.1663,356195.46
1738861200000.0,0.1661,0.171,0.1644,0.1657,128699.25
1738864800000.0,0.1655,0.1662,0.1639,0.1644,210477.7
1738868400000.0,0.1643,0.1686,0.1629,0.1642,94268.01
1738872000000.0,0.1643,0.1682,0.1643,0.1667,405110.19
1738875600000.0,0.1668,0.167,0.1633,0.1659,56643.04
1738879200000.0,0.1657,0.1658,0.1623,0.1642,125400.14
1738882800000.0,0.1637,0.1649,0.1603,0.1622,190747.15
1738886400000.0,0.1619,0.1656,0.1618,0.1626,208330.68
1738890000000.0,0.1627,0.1675,0.162,0.1656,148230.29
1738893600000.0,0.1658,0.1672,0.1641,0.1655,63510.41
1738897200000.0,0.1652,0.1664,0.1628,0.1641,32816.03
1738900800000.0,0.1642,0.1659,0.1634,0.1636,74434.22
1738904400000.0,0.1635,0.164,0.1609,0.1623,186010.66
1738908000000.0,0.1624,0.1626,0.1592,0.1622,113559.94
1738911600000.0,0.1623,0.1661,0.1623,0.1643,72548.23
1738915200000.0,0.1642,0.1685,0.1632,0.1659,300657.66
1738918800000.0,0.1658,0.1668,0.1652,0.1658,97589.1
1738922400000.0,0.1659,0.1683,0.1659,0.1668,70313.14
1738926000000.0,0.1667,0.1681,0.1662,0.1668,54920.93
1738929600000.0,0.167,0.1681,0.165,0.1666,50392.56
1738933200000.0,0.1665,0.1732,0.1647,0.1718,125734.08
1738936800000.0,0.172,0.1746,0.1698,0.1722,267514.09
1738940400000.0,0.172,0.172,0.1655,0.1666,647255.5
1738944000000.0,0.1667,0.1668,0.162,0.1632,679400.1
1738947600000.0,0.1631,0.1636,0.159,0.1605,159336.0
1738951200000.0,0.1604,0.1632,0.1602,0.1613,108334.48
1738954800000.0,0.1615,0.1615,0.158,0.159,184902.4
1738958400000.0,0.1591,0.1591,0.1514,0.1519,462476.8
1738962000000.0,0.152,0.1535,0.1499,0.1499,379499.81
1738965600000.0,0.1498,0.151,0.1473,0.1494,716181.69
1738969200000.0,0.1494,0.1531,0.1492,0.1531,931815.97
1738972800000.0,0.153,0.1572,0.1524,0.1568,333547.87
1738976400000.0,0.1567,0.1586,0.155,0.1551,162629.35
1738980000000.0,0.1552,0.1568,0.1545,0.1565,143618.89
1738983600000.0,0.1566,0.1587,0.1565,0.1583,419408.86
1738987200000.0,0.1582,0.1593,0.1569,0.1578,448057.2
1738990800000.0,0.1577,0.1585,0.157,0.1582,185883.81
1738994400000.0,0.158,0.161,0.1579,0.1588,288835.59
1738998000000.0,0.1588,0.1638,0.1557,0.1623,1541132.43
1739001600000.0,0.1622,0.163,0.1592,0.1597,182552.5
1739005200000.0,0.1598,0.1624,0.1588,0.1618,453939.09
1739008800000.0,0.1619,0.1628,0.1602,0.1614,98704.49
1739012400000.0,0.1613,0.1633,0.1608,0.1629,90869.61
1739016000000.0,0.163,0.1667,0.1629,0.1653,329456.21
1739019600000.0,0.1654,0.1746,0.1653,0.1707,752296.68
1739023200000.0,0.1706,0.1728,0.1684,0.1728,420340.35
1739026800000.0,0.173,0.1735,0.1683,0.1707,200020.68
1739030400000.0,0.1708,0.1755,0.1687,0.1727,667268.88
1739034000000.0,0.1728,0.1799,0.1722,0.177,1345640.05
1739037600000.0,0.1761,0.1771,0.1747,0.1759,414172.08
1739041200000.0,0.1761,0.1813,0.1756,0.179,517548.56
1739044800000.0,0.1789,0.1791,0.1755,0.1764,451246.1
1739048400000.0,0.1764,0.1773,0.1745,0.175,881400.36
1739052000000.0,0.1748,0.1748,0.1711,0.1729,238884.27
1739055600000.0,0.1728,0.1779,0.1728,0.1742,397791.3
1739059200000.0,0.1741,0.1748,0.173,0.174,133866.56
1739062800000.0,0.1741,0.1764,0.173,0.1749,125039.99
1739066400000.0,0.175,0.1756,0.1729,0.1737,306325.63
1739070000000.0,0.1735,0.182,0.1731,0.1798,703374.43
1739073600000.0,0.1795,0.1795,0.1745,0.1749,537901.48
1739077200000.0,0.1749,0.1762,0.1736,0.1746,336063.11
1739080800000.0,0.1744,0.1759,0.1729,0.1751,478950.53
1739084400000.0,0.1749,0.1762,0.1735,0.1742,148494.54
1739088000000.0,0.1751,0.1757,0.1739,0.1752,199627.18
1739091600000.0,0.1749,0.1749,0.1721,0.1739,365116.91
1739095200000.0,0.174,0.176,0.1738,0.1751,84603.5
1739098800000.0,0.1752,0.1752,0.1727,0.1727,469033.68
1739102400000.0,0.173,0.174,0.1714,0.1727,94304.93
1739106000000.0,0.1725,0.1731,0.1676,0.1682,190491.53
1739109600000.0,0.1685,0.1704,0.1669,0.1678,275019.74
1739113200000.0,0.1679,0.171,0.1679,0.169,165141.4
1739116800000.0,0.1689,0.1701,0.1682,0.1701,91393.07
1739120400000.0,0.1702,0.1703,0.1659,0.1664,83237.44
1739124000000.0,0.1663,0.1686,0.166,0.168,32407.02
1739127600000.0,0.1677,0.1685,0.1653,0.1655,111748.98
1739131200000.0,0.1657,0.1677,0.1654,0.1661,62637.77
1739134800000.0,0.1659,0.1661,0.1578,0.1589,260765.91
1739138400000.0,0.1587,0.1664,0.1571,0.1645,227302.46
1739142000000.0,0.1646,0.167,0.1641,0.1663,138986.23
1739145600000.0,0.1663,0.1724,0.1663,0.1705,73163.11
1739149200000.0,0.1703,0.1703,0.1622,0.1627,156535.38
1739152800000.0,0.1631,0.1633,0.1598,0.1604,87984.17
1739156400000.0,0.1603,0.1703,0.1599,0.1672,108004.53
1739160000000.0,0.1671,0.1705,0.1663,0.1671,73571.75
1739163600000.0,0.1672,0.1708,0.1664,0.1682,69930.58
1739167200000.0,0.1681,0.1684,0.165,0.1663,138591.26
1739170800000.0,0.1664,0.1683,0.1645,0.1655,418332.88
1739174400000.0,0.1656,0.1688,0.1649,0.1671,230713.15
1739178000000.0,0.1673,0.1685,0.1661,0.1673,91987.93
1739181600000.0,0.1676,0.1686,0.1651,0.1657,69863.77
1739185200000.0,0.1659,0.1689,0.1656,0.1672,99863.86
1739188800000.0,0.1674,0.1678,0.1647,0.1657,173845.43
1739192400000.0,0.1659,0.1743,0.1656,0.1733,130692.92
1739196000000.0,0.1732,0.1751,0.1691,0.1697,252524.04
1739199600000.0,0.1697,0.1716,0.1674,0.1697,250486.13
1739203200000.0,0.1696,0.173,0.1692,0.1723,213398.76
1739206800000.0,0.1722,0.1727,0.1694,0.1712,98705.66
1739210400000.0,0.1713,0.1718,0.1691,0.1707,25918.13
1739214000000.0,0.1707,0.1712,0.1676,0.1683,81519.92
1739217600000.0,0.1681,0.1698,0.1677,0.1685,77223.14
1739221200000.0,0.1684,0.1684,0.1648,0.1655,193535.77
1739224800000.0,0.1654,0.1676,0.164,0.1663,100907.48
1739228400000.0,0.1662,0.1689,0.1659,0.1687,66516.98
1739232000000.0,0.1686,0.1743,0.1681,0.1738,320699.97
1739235600000.0,0.1739,0.1776,0.1734,0.1745,174071.12
1739239200000.0,0.1748,0.1748,0.1707,0.171,40076.69
1739242800000.0,0.1709,0.1709,0.1674,0.1682,86302.2
1739246400000.0,0.1683,0.1728,0.1676,0.1727,142740.41
1739250000000.0,0.1722,0.1763,0.1714,0.1753,182741.58
1739253600000.0,0.1751,0.1765,0.1737,0.1758,74079.15
1739257200000.0,0.1757,0.1778,0.1737,0.1775,155749.49
1739260800000.0,0.1774,0.1788,0.171,0.1725,869954.52
1739264400000.0,0.1726,0.1733,0.1694,0.1696,60629.48
1739268000000.0,0.1695,0.1695,0.1657,0.1672,60640.62
1739271600000.0,0.1672,0.1672,0.1642,0.1654,165189.79
1739275200000.0,0.1655,0.1655,0.1598,0.1626,302943.1
1739278800000.0,0.1624,0.1634,0.1527,0.1527,738978.75
1739282400000.0,0.1528,0.1553,0.1525,0.155,147239.74
1739286000000.0,0.1551,0.1581,0.1531,0.1543,682992.15
1739289600000.0,0.1543,0.1574,0.1539,0.1546,179135.9
1739293200000.0,0.1547,0.1562,0.1535,0.1542,185508.56
1739296800000.0,0.154,0.1759,0.1531,0.1608,2204848.14
1739300400000.0,0.1609,0.1637,0.158,0.1608,926878.6
1739304000000.0,0.1611,0.1621,0.1549,0.1576,561791.65
1739307600000.0,0.1577,0.1594,0.1561,0.1585,212482.86
1739311200000.0,0.1584,0.1625,0.1573,0.158,1187259.08
1739314800000.0,0.1579,0.1628,0.1579,0.1619,465724.67
1739318400000.0,0.1618,0.1631,0.1589,0.1611,452346.67
1739322000000.0,0.161,0.1616,0.1577,0.1592,336057.36
1739325600000.0,0.159,0.1591,0.1557,0.1566,340825.61
1739329200000.0,0.1568,0.1568,0.1502,0.154,606831.5
1739332800000.0,0.1536,0.1554,0.1505,0.1511,623221.12
1739336400000.0,0.1509,0.1544,0.1504,0.1512,543328.47
1739340000000.0,0.1513,0.1515,0.1466,0.1475,584547.51
1739343600000.0,0.1474,0.1525,0.1474,0.1494,277901.3
1739347200000.0,0.1493,0.1501,0.1436,0.1448,954035.39
1739350800000.0,0.1445,0.1476,0.1436,0.146,608312.78
1739354400000.0,0.1461,0.1466,0.1443,0.1461,201614.12
1739358000000.0,0.1463,0.1489,0.1462,0.1473,33598.59
1739361600000.0,0.1471,0.1498,0.147,0.1478,192567.04
1739365200000.0,0.1479,0.1511,0.14,0.1431,750189.87
1739368800000.0,0.1429,0.1434,0.1382,0.1429,289194.0
1739372400000.0,0.1425,0.1449,0.1397,0.1442,143005.82
1739376000000.0,0.1443,0.1476,0.1406,0.1476,574668.72
1739379600000.0,0.1477,0.1495,0.1466,0.1487,343181.21
1739383200000.0,0.1484,0.149,0.1456,0.1481,237179.44
1739386800000.0,0.1484,0.1513,0.1472,0.1508,299752.82
1739390400000.0,0.1506,0.1517,0.148,0.1483,195877.27
1739394000000.0,0.1482,0.1512,0.1479,0.1495,106152.67
1739397600000.0,0.1497,0.1553,0.149,0.1536,133784.37
1739401200000.0,0.1534,0.1546,0.1524,0.1542,303476.99
1739404800000.0,0.1539,0.1556,0.153,0.1552,521386.93
1739408400000.0,0.1553,0.1612,0.1551,0.1598,328009.99
1739412000000.0,0.16,0.1601,0.1548,0.156,316941.05
1739415600000.0,0.1561,0.1592,0.1557,0.1581,243318.85
1739419200000.0,0.1582,0.1584,0.1544,0.1556,182039.57
1739422800000.0,0.1554,0.1556,0.1535,0.1539,126687.41
1739426400000.0,0.1539,0.1578,0.1526,0.1549,396213.74
1739430000000.0,0.1548,0.1565,0.154,0.1545,228889.89
1739433600000.0,0.1546,0.1551,0.1516,0.1528,306101.51
1739437200000.0,0.1525,0.155,0.152,0.1532,124824.33
1739440800000.0,0.1531,0.1534,0.1518,0.1519,105339.89
1739444400000.0,0.1518,0.1523,0.1499,0.1522,274664.25
1739448000000.0,0.152,0.1531,0.151,0.1514,133940.4
1739451600000.0,0.1516,0.1533,0.1498,0.1506,122802.89
1739455200000.0,0.1505,0.1508,0.1472,0.1475,264412.25
1739458800000.0,0.1474,0.1511,0.1469,0.1485,220535.85
1739462400000.0,0.1484,0.1484,0.1447,0.1453,439068.22
1739466000000.0,0.1454,0.148,0.1454,0.147,99735.65
1739469600000.0,0.1467,0.1476,0.1452,0.147,287246.4
1739473200000.0,0.1478,0.1508,0.1468,0.1475,239351.68
1739476800000.0,0.1477,0.1498,0.1476,0.1486,24389.27
1739480400000.0,0.1485,0.1496,0.1475,0.148,215157.43
1739484000000.0,0.148,0.1486,0.1461,0.1462,155691.79
1739487600000.0,0.1462,0.1489,0.1457,0.1479,132703.1
1739491200000.0,0.148,0.1492,0.1464,0.1485,71502.82
1739494800000.0,0.1486,0.1496,0.1473,0.1488,229463.21
1739498400000.0,0.1489,0.1503,0.1481,0.1486,318732.97
1739502000000.0,0.1488,0.1514,0.148,0.151,146809.6
1739505600000.0,0.1511,0.1518,0.1489,0.1495,96386.05
1739509200000.0,0.1496,0.1504,0.1481,0.1498,248100.55
1739512800000.0,0.1496,0.1514,0.1493,0.1514,146026.03
1739516400000.0,0.1514,0.1532,0.151,0.1525,126797.44
1739520000000.0,0.1526,0.1546,0.1521,0.1543,83003.5
1739523600000.0,0.1541,0.1611,0.1541,0.1606,403460.36
1739527200000.0,0.1607,0.1635,0.1591,0.162,519618.1
1739530800000.0,0.1621,0.1642,0.1562,0.1576,417731.1
1739534400000.0,0.1574,0.1574,0.1547,0.1553,93640.63
1739538000000.0,0.1553,0.1593,0.1548,0.1584,155323.45
1739541600000.0,0.1583,0.1697,0.1579,0.1687,982651.09
1739545200000.0,0.1688,0.1714,0.162,0.1674,608973.52
1739548800000.0,0.1674,0.1928,0.1642,0.1887,5015257.09
1739552400000.0,0.1887,0.1932,0.1834,0.1894,2776374.14
1739556000000.0,0.1895,0.2039,0.1891,0.1932,4825793.91
1739559600000.0,0.1933,0.196,0.1898,0.1925,1228619.68
1739563200000.0,0.1928,0.1975,0.1893,0.1929,1327930.79
1739566800000.0,0.193,0.1938,0.1868,0.1887,1260501.01
1739570400000.0,0.1888,0.1902,0.1762,0.1804,1787493.85
1739574000000.0,0.1801,0.1834,0.177,0.1818,1184691.0
1739577600000.0,0.1821,0.1822,0.1741,0.1801,1132220.41
1739581200000.0,0.18,0.1828,0.1755,0.1816,800987.05
1739584800000.0,0.1815,0.1837,0.1788,0.1802,847473.98
1739588400000.0,0.18,0.182,0.1781,0.1782,349419.76
1739592000000.0,0.1782,0.1795,0.1752,0.176,805627.06
1739595600000.0,0.176,0.1801,0.1728,0.1748,1411090.67
1739599200000.0,0.1748,0.1748,0.1698,0.1704,696842.3
1739602800000.0,0.1702,0.1729,0.1683,0.1718,378984.56
1739606400000.0,0.1717,0.1741,0.1703,0.1727,152377.25
1739610000000.0,0.1728,0.1746,0.1699,0.1704,222257.96
1739613600000.0,0.1706,0.1708,0.1683,0.1687,179589.87
1739617200000.0,0.1686,0.1698,0.1626,0.1647,443805.96
1739620800000.0,0.1647,0.1664,0.1632,0.1641,443477.04
1739624400000.0,0.1641,0.1652,0.1619,0.1622,202040.26
1739628000000.0,0.1622,0.1622,0.1567,0.1582,473200.98
1739631600000.0,0.1583,0.1615,0.1568,0.1573,1964113.27
1739635200000.0,0.1572,0.1601,0.1552,0.1572,392256.99
1739638800000.0,0.1572,0.1579,0.1527,0.1556,1972610.43
1739642400000.0,0.1552,0.1574,0.1547,0.1566,232316.15
1739646000000.0,0.1568,0.1573,0.1545,0.1551,276231.25
1739649600000.0,0.155,0.1565,0.1533,0.1548,323711.88
1739653200000.0,0.1549,0.1556,0.1543,0.1556,139121.09
1739656800000.0,0.1555,0.1557,0.1535,0.1553,467803.13
1739660400000.0,0.1552,0.1564,0.1544,0.1547,352528.42
1739664000000.0,0.1547,0.1567,0.1545,0.1548,290049.19
1739667600000.0,0.1549,0.1552,0.1523,0.1539,214805.45
1739671200000.0,0.154,0.1544,0.1513,0.1523,495371.18
1739674800000.0,0.1522,0.1551,0.1518,0.1551,362734.22
1739678400000.0,0.1551,0.1574,0.1547,0.1557,310120.89
1739682000000.0,0.1556,0.1565,0.1547,0.1562,223977.04
1739685600000.0,0.1561,0.157,0.1549,0.1557,836994.16
1739689200000.0,0.1558,0.1558,0.1523,0.1528,419799.74
1739692800000.0,0.1529,0.154,0.1501,0.1523,885912.19
1739696400000.0,0.1522,0.1535,0.1507,0.1526,420158.85
1739700000000.0,0.1526,0.1529,0.1513,0.1515,212797.62
1739703600000.0,0.1515,0.1536,0.151,0.1536,87925.4
1739707200000.0,0.1533,0.1541,0.1516,0.1521,151225.58
1739710800000.0,0.152,0.1535,0.1504,0.1504,120244.71
1739714400000.0,0.1505,0.1526,0.1491,0.1526,162144.83
1739718000000.0,0.1527,0.1541,0.1519,0.1526,175765.21
1739721600000.0,0.1526,0.1536,0.1508,0.1519,173369.44
1739725200000.0,0.152,0.1527,0.1495,0.15,68946.41
1739728800000.0,0.1499,0.1506,0.1484,0.1497,135825.82
1739732400000.0,0.1498,0.1511,0.1485,0.1503,167051.5
1739736000000.0,0.1501,0.1505,0.1486,0.1491,180611.07
1739739600000.0,0.1493,0.1519,0.1486,0.1518,141373.91
1739743200000.0,0.1517,0.152,0.1498,0.1507,56121.45
1739746800000.0,0.1506,0.1524,0.1495,0.151,143143.15
1739750400000.0,0.1511,0.152,0.1502,0.1518,83156.09
1739754000000.0,0.1519,0.1537,0.1512,0.1529,165204.98
1739757600000.0,0.1527,0.1535,0.1516,0.1517,127429.18
1739761200000.0,0.1516,0.1535,0.1499,0.1531,89957.9
1739764800000.0,0.1532,0.1537,0.1502,0.1502,60699.2
1739768400000.0,0.1501,0.1521,0.1467,0.1517,422275.89
1739772000000.0,0.1517,0.153,0.1514,0.1521,284693.34
1739775600000.0,0.1518,0.1525,0.1479,0.1486,95713.02
1739779200000.0,0.1485,0.1512,0.1478,0.1503,91606.82
1739782800000.0,0.1502,0.1524,0.1496,0.1506,223199.23
1739786400000.0,0.1508,0.153,0.1508,0.1512,96156.94
1739790000000.0,0.1511,0.1526,0.1506,0.1524,77794.87
1739793600000.0,0.1525,0.1542,0.1524,0.1527,261121.91
1739797200000.0,0.1526,0.1528,0.1511,0.1518,52211.12
1739800800000.0,0.1516,0.1545,0.1515,0.1528,364470.2
1739804400000.0,0.1529,0.1534,0.1467,0.1473,296107.05
1739808000000.0,0.1472,0.148,0.1454,0.1458,172598.65
1739811600000.0,0.1459,0.1471,0.1413,0.1431,391049.45
1739815200000.0,0.1429,0.1437,0.1412,0.1419,347181.0
1739818800000.0,0.1418,0.1455,0.1411,0.1448,761855.2
1739822400000.0,0.1449,0.1484,0.1449,0.1467,83063.96
1739826000000.0,0.1467,0.1487,0.1467,0.1487,110147.52
1739829600000.0,0.1486,0.1494,0.1478,0.1485,319571.11
1739833200000.0,0.1486,0.1509,0.1486,0.1497,193138.88
1739836800000.0,0.1496,0.1518,0.1487,0.1505,125325.19
1739840400000.0,0.1504,0.1518,0.15,0.1509,90607.27
1739844000000.0,0.151,0.1514,0.15,0.1508,64616.8
1739847600000.0,0.1507,0.1513,0.1488,0.1488,78963.02
1739851200000.0,0.1486,0.1495,0.1474,0.1476,58317.88
1739854800000.0,0.1475,0.1479,0.1452,0.1458,32535.41
1739858400000.0,0.146,0.1461,0.1427,0.1444,222884.63
1739862000000.0,0.1447,0.1463,0.1434,0.1443,76210.79
1739865600000.0,0.1444,0.1451,0.1421,0.1428,68610.35
1739869200000.0,0.1427,0.1464,0.1423,0.1464,86202.33
1739872800000.0,0.1463,0.1475,0.1456,0.1465,150821.54
1739876400000.0,0.1467,0.1476,0.1461,0.1462,67652.67
1739880000000.0,0.1464,0.1474,0.1459,0.146,26520.79
1739883600000.0,0.1459,0.1462,0.1452,0.1458,18161.24
1739887200000.0,0.1457,0.1467,0.1413,0.1431,405350.94
1739890800000.0,0.1431,0.1432,0.1363,0.1374,612784.54
1739894400000.0,0.1375,0.1403,0.1333,0.134,463888.4
1739898000000.0,0.1338,0.1369,0.1332,0.1366,851966.54
1739901600000.0,0.1366,0.1418,0.1366,0.1398,493151.65
1739905200000.0,0.1397,0.1407,0.1392,0.1402,175442.78
1739908800000.0,0.1402,0.1411,0.1384,0.1389,296293.24
1739912400000.0,0.1391,0.1431,0.1391,0.1417,147234.49
1739916000000.0,0.1418,0.1439,0.1413,0.1423,38785.74
1739919600000.0,0.1422,0.1433,0.142,0.1432,9587.58
1739923200000.0,0.1432,0.1443,0.1422,0.1426,62910.05
1739926800000.0,0.1428,0.1439,0.1416,0.142,23444.41
1739930400000.0,0.1422,0.1436,0.1419,0.1423,45201.63
1739934000000.0,0.1422,0.1429,0.1415,0.1428,171247.07
1739937600000.0,0.1429,0.1429,0.1396,0.1396,99644.3
1739941200000.0,0.1395,0.1411,0.139,0.1407,94177.57
1739944800000.0,0.1408,0.1429,0.1407,0.1421,32117.04
1739948400000.0,0.142,0.1445,0.142,0.1444,86496.22
1739952000000.0,0.1442,0.1456,0.1427,0.1427,118424.12
1739955600000.0,0.1428,0.1439,0.1422,0.1432,59608.68
1739959200000.0,0.143,0.1459,0.143,0.1451,124084.07
1739962800000.0,0.1452,0.1452,0.1434,0.1441,9801.56
1739966400000.0,0.1442,0.1442,0.1417,0.1417,28654.52
1739970000000.0,0.1419,0.1434,0.1419,0.1429,20959.62
1739973600000.0,0.1428,0.1438,0.1394,0.1394,44155.16
1739977200000.0,0.1398,0.1414,0.1389,0.1398,72082.38
1739980800000.0,0.1399,0.1415,0.1377,0.1404,146790.14
1739984400000.0,0.1405,0.1421,0.1386,0.139,199094.59
1739988000000.0,0.1389,0.1391,0.138,0.1385,107806.3
1739991600000.0,0.1387,0.1407,0.1384,0.1394,83357.43
1739995200000.0,0.1393,0.1409,0.1377,0.1382,384287.12
1739998800000.0,0.138,0.1396,0.1366,0.1374,86179.45
1740002400000.0,0.1372,0.1396,0.137,0.1393,219447.22
1740006000000.0,0.1396,0.1409,0.1386,0.1394,219322.34
1740009600000.0,0.1395,0.142,0.139,0.1414,79948.8
1740013200000.0,0.1417,0.1425,0.1386,0.1397,241254.08
1740016800000.0,0.1395,0.1419,0.1389,0.1415,99688.35
1740020400000.0,0.1416,0.1423,0.1401,0.1417,29346.52
1740024000000.0,0.1418,0.1429,0.1405,0.1408,124177.55
1740027600000.0,0.1406,0.1407,0.1398,0.1401,122872.1
1740031200000.0,0.1398,0.1404,0.1393,0.1396,126669.28
1740034800000.0,0.1398,0.1406,0.1387,0.14,84226.2
1740038400000.0,0.1401,0.1411,0.1389,0.1405,52362.99
1740042000000.0,0.1404,0.142,0.1401,0.1407,189865.95
1740045600000.0,0.1408,0.143,0.1403,0.1428,53764.5
1740049200000.0,0.1427,0.1439,0.1422,0.1437,98396.6
1740052800000.0,0.1438,0.1444,0.1415,0.1417,381798.09
1740056400000.0,0.1418,0.1421,0.1403,0.1409,73605.2
1740060000000.0,0.141,0.143,0.1382,0.1388,384124.88
1740063600000.0,0.1386,0.1396,0.1367,0.1377,345416.66
1740067200000.0,0.1375,0.1393,0.1369,0.1377,187888.63
1740070800000.0,0.1376,0.1406,0.1374,0.1406,612974.42
1740074400000.0,0.1404,0.1419,0.1396,0.1406,335630.15
1740078000000.0,0.1404,0.142,0.1401,0.1417,81275.23
1740081600000.0,0.1418,0.1429,0.1408,0.1412,162661.85
1740085200000.0,0.141,0.142,0.14,0.1405,364503.56
1740088800000.0,0.1406,0.1423,0.14,0.1422,54488.37
1740092400000.0,0.1422,0.1453,0.1418,0.1442,169368.04
1740096000000.0,0.1441,0.1453,0.1435,0.144,99433.96
1740099600000.0,0.1439,0.1439,0.1413,0.1424,93198.44
1740103200000.0,0.1423,0.1425,0.14,0.141,159519.8
1740106800000.0,0.1411,0.143,0.1411,0.1417,155197.45
1740110400000.0,0.1418,0.1453,0.1418,0.1446,420162.92
1740114000000.0,0.1447,0.1448,0.1437,0.1438,92299.03
1740117600000.0,0.1438,0.1475,0.1437,0.1472,334224.46
1740121200000.0,0.1471,0.1486,0.1456,0.1473,300737.36
1740124800000.0,0.1474,0.1479,0.1465,0.1476,98878.63
1740128400000.0,0.1477,0.1536,0.147,0.1501,413193.56
1740132000000.0,0.15,0.152,0.149,0.1518,258015.24
1740135600000.0,0.1515,0.1517,0.1495,0.1515,253117.89
1740139200000.0,0.1514,0.155,0.1512,0.1544,429352.23
1740142800000.0,0.1544,0.1571,0.1536,0.1567,407726.31
1740146400000.0,0.1566,0.1595,0.1548,0.1562,696968.11
1740150000000.0,0.1558,0.1583,0.1481,0.1488,670199.75
1740153600000.0,0.1487,0.1536,0.1468,0.1519,606244.81
1740157200000.0,0.1516,0.1524,0.1463,0.1482,543446.99
1740160800000.0,0.148,0.1499,0.1466,0.1472,249135.86
1740164400000.0,0.1473,0.1479,0.1425,0.1441,208149.81
1740168000000.0,0.144,0.1455,0.143,0.1442,489297.38
1740171600000.0,0.1443,0.1451,0.1418,0.1438,675830.36
1740175200000.0,0.1437,0.1465,0.1435,0.1462,66277.43
1740178800000.0,0.1461,0.1462,0.1441,0.1444,90106.15
1740182400000.0,0.1442,0.1457,0.1417,0.1448,481478.43
1740186000000.0,0.1446,0.1462,0.1438,0.1454,153403.4
1740189600000.0,0.1455,0.1507,0.1451,0.1483,225061.14
1740193200000.0,0.1482,0.15,0.1469,0.1487,138905.6
1740196800000.0,0.1489,0.1517,0.1484,0.1485,565467.49
1740200400000.0,0.1484,0.1528,0.148,0.1523,325910.74
1740204000000.0,0.1523,0.1541,0.1511,0.1533,443428.52
1740207600000.0,0.1534,0.1627,0.1533,0.1612,1112058.9
1740211200000.0,0.1621,0.1685,0.1609,0.1643,3736918.49
1740214800000.0,0.1644,0.1687,0.1631,0.1648,1151087.73
1740218400000.0,0.1651,0.1689,0.1647,0.1656,552634.15
1740222000000.0,0.1656,0.171,0.1652,0.1701,2613405.66
1740225600000.0,0.1696,0.1702,0.1656,0.1662,714828.69
1740229200000.0,0.1663,0.1692,0.1634,0.1659,1199763.06
1740232800000.0,0.166,0.1686,0.1657,0.1668,744725.66
1740236400000.0,0.1668,0.204,0.1658,0.1988,12059164.87
1740240000000.0,0.1985,0.2067,0.1927,0.198,7669347.52
1740243600000.0,0.1978,0.215,0.1945,0.2017,9230992.98
1740247200000.0,0.2012,0.211,0.2003,0.2036,3735416.13
1740250800000.0,0.205,0.2086,0.1994,0.2068,2811028.64
1740254400000.0,0.207,0.214,0.2031,0.2118,5711943.71
1740258000000.0,0.2121,0.2498,0.2119,0.2382,19031502.93
1740261600000.0,0.2374,0.2412,0.2235,0.2235,9348477.92
1740265200000.0,0.2235,0.2342,0.2168,0.2202,9117694.22
1740268800000.0,0.2198,0.2206,0.209,0.2111,6673431.25
1740272400000.0,0.2112,0.2136,0.2046,0.2077,3990177.21
1740276000000.0,0.2078,0.2124,0.2036,0.2057,4335020.75
1740279600000.0,0.2058,0.2067,0.1907,0.1968,9515420.44
1740283200000.0,0.1969,0.1971,0.1897,0.1927,4668157.18
1740286800000.0,0.1926,0.1948,0.1896,0.1912,4503041.45
1740290400000.0,0.1913,0.1923,0.1865,0.1872,3022171.65
1740294000000.0,0.1872,0.1937,0.1845,0.1913,3365990.27
1740297600000.0,0.1914,0.1931,0.1868,0.1895,1781705.03
1740301200000.0,0.1896,0.1905,0.1798,0.1833,3527788.74
1740304800000.0,0.1832,0.1864,0.1816,0.1858,1942020.16
1740308400000.0,0.1856,0.1867,0.1827,0.1839,320517.06
1740312000000.0,0.1839,0.1848,0.18,0.1814,2880864.66
1740315600000.0,0.1812,0.1883,0.1812,0.1874,1811720.22
1740319200000.0,0.1872,0.1915,0.1824,0.1842,3693150.05
1740322800000.0,0.1841,0.1859,0.1773,0.1773,3643091.82
1740326400000.0,0.1776,0.18,0.1738,0.1754,5100653.52
1740330000000.0,0.1755,0.1795,0.1755,0.1787,1358007.91
1740333600000.0,0.1787,0.1822,0.1779,0.1787,1077734.12
1740337200000.0,0.1787,0.1799,0.1778,0.1789,1027992.56
1740340800000.0,0.179,0.1807,0.1777,0.1791,699269.67
1740344400000.0,0.1792,0.1808,0.1781,0.1795,623357.92
1740348000000.0,0.1795,0.1802,0.1763,0.1792,914979.82
1740351600000.0,0.1793,0.182,0.1779,0.1792,1192667.52
1740355200000.0,0.179,0.1823,0.1774,0.1782,1845278.49
1740358800000.0,0.1781,0.1781,0.171,0.1738,1176355.51
1740362400000.0,0.1739,0.1774,0.1739,0.1748,412815.61
1740366000000.0,0.1747,0.1785,0.1741,0.1752,771050.37
1740369600000.0,0.1751,0.1783,0.175,0.1759,415030.65
1740373200000.0,0.1759,0.1768,0.1715,0.1735,829684.64
1740376800000.0,0.1736,0.1736,0.167,0.1687,1573459.46
1740380400000.0,0.1688,0.1698,0.1677,0.1684,277351.72
1740384000000.0,0.1685,0.1685,0.1627,0.1646,1135010.96
1740387600000.0,0.1647,0.1696,0.1643,0.1682,863155.81
1740391200000.0,0.1681,0.1684,0.1646,0.1656,360502.46
1740394800000.0,0.1655,0.1674,0.1644,0.167,334275.49
1740398400000.0,0.1672,0.1696,0.1659,0.1673,512349.13
1740402000000.0,0.1673,0.168,0.1651,0.1651,256284.81
1740405600000.0,0.1654,0.1665,0.1627,0.1634,423518.78
1740409200000.0,0.1633,0.165,0.162,0.1644,1125375.57
1740412800000.0,0.1644,0.1672,0.1626,0.1631,525632.79
1740416400000.0,0.1632,0.1647,0.1624,0.164,189243.31
1740420000000.0,0.1638,0.1638,0.158,0.1598,2021782.38
1740423600000.0,0.1596,0.161,0.156,0.158,755219.97
1740427200000.0,0.1579,0.1613,0.1577,0.1597,453187.22
1740430800000.0,0.1597,0.1628,0.1585,0.1596,368633.12
1740434400000.0,0.1595,0.1597,0.1435,0.148,1668136.04
1740438000000.0,0.148,0.1517,0.1468,0.1499,926354.15
1740441600000.0,0.1499,0.1535,0.1443,0.1505,1519978.88
1740445200000.0,0.1505,0.1524,0.1472,0.1479,601002.0
1740448800000.0,0.1481,0.1508,0.1457,0.1482,893423.94
1740452400000.0,0.1482,0.1495,0.1455,0.1468,668983.86
1740456000000.0,0.1466,0.1491,0.1454,0.1477,669400.71
1740459600000.0,0.1477,0.1516,0.1475,0.1501,2292655.4
1740463200000.0,0.1502,0.1518,0.1486,0.1495,725138.42
1740466800000.0,0.1495,0.1495,0.1421,0.1468,1199796.4
1740470400000.0,0.1469,0.153,0.1469,0.152,563248.18
1740474000000.0,0.1521,0.1544,0.1514,0.1526,471038.58
1740477600000.0,0.1527,0.1586,0.151,0.1554,702320.76
1740481200000.0,0.1555,0.1625,0.1536,0.1612,841388.81
1740484800000.0,0.1613,0.1649,0.159,0.164,1210843.21
1740488400000.0,0.1636,0.1863,0.1628,0.1823,4386846.85
1740492000000.0,0.1816,0.185,0.1691,0.1714,4861181.95
1740495600000.0,0.1714,0.1773,0.1624,0.1746,4772457.21
1740499200000.0,0.1745,0.177,0.1682,0.1743,1855281.16
1740502800000.0,0.1743,0.1767,0.1701,0.1718,1553804.11
1740506400000.0,0.1721,0.1796,0.1704,0.1768,1784670.37
1740510000000.0,0.1771,0.1802,0.1751,0.1782,1625185.31
1740513600000.0,0.1784,0.1838,0.1784,0.1789,1848083.84
1740517200000.0,0.1792,0.1814,0.177,0.1791,1352462.53
1740520800000.0,0.179,0.1827,0.178,0.1783,861400.24
1740524400000.0,0.1785,0.1792,0.1743,0.1743,2015509.6
1740528000000.0,0.1743,0.1806,0.1738,0.1778,1693858.97
1740531600000.0,0.1778,0.1796,0.1746,0.1772,1131040.14
1740535200000.0,0.1774,0.1901,0.1757,0.1888,2705836.26
1740538800000.0,0.1889,0.195,0.1831,0.1868,5524448.18
1740542400000.0,0.1865,0.1886,0.1805,0.1813,2640877.92
1740546000000.0,0.1811,0.1853,0.1782,0.1783,1690280.11
1740549600000.0,0.1783,0.1833,0.177,0.183,742057.76
1740553200000.0,0.1831,0.1831,0.1754,0.177,844897.53
1740556800000.0,0.1773,0.1793,0.1754,0.1776,666951.07
1740560400000.0,0.1777,0.1812,0.1775,0.1807,445551.53
1740564000000.0,0.1809,0.1809,0.1728,0.1755,1156998.86
1740567600000.0,0.1753,0.1768,0.1728,0.1738,533649.3
1740571200000.0,0.174,0.1781,0.174,0.1765,1219144.41
1740574800000.0,0.1764,0.1853,0.1762,0.1818,1912863.37
1740578400000.0,0.1816,0.1891,0.1802,0.1883,1868091.66
1740582000000.0,0.188,0.2066,0.188,0.2042,5076515.94
1740585600000.0,0.2041,0.2249,0.1973,0.2137,7957650.65
1740589200000.0,0.2137,0.218,0.2069,0.2122,7093594.19
1740592800000.0,0.2119,0.218,0.2054,0.2057,6709940.72
1740596400000.0,0.2057,0.2108,0.1982,0.1998,2762860.36
1740600000000.0,0.1997,0.2096,0.1948,0.2081,2918872.96
1740603600000.0,0.2085,0.2117,0.2047,0.2086,2972999.74
1740607200000.0,0.2089,0.2133,0.2072,0.2084,1330625.27
1740610800000.0,0.2086,0.2125,0.2079,0.2095,1097614.5
1740614400000.0,0.2095,0.2135,0.2053,0.2125,2731104.01
1740618000000.0,0.2121,0.2166,0.206,0.2062,3239253.17
1740621600000.0,0.2062,0.2095,0.1902,0.1977,4976788.63
1740625200000.0,0.1977,0.2063,0.196,0.2051,1804299.45
1740628800000.0,0.2055,0.2065,0.198,0.1998,1348095.72
1740632400000.0,0.1993,0.2084,0.1993,0.2059,2201396.89
1740636000000.0,0.2061,0.2073,0.2023,0.203,976160.45
1740639600000.0,0.2028,0.2064,0.2003,0.2019,833290.34
1740643200000.0,0.2018,0.202,0.1963,0.1975,1081664.18
1740646800000.0,0.1976,0.1983,0.1927,0.1952,835200.14
1740650400000.0,0.1955,0.1983,0.1943,0.1956,930280.7
1740654000000.0,0.1957,0.2016,0.1956,0.1969,1192961.76
1740657600000.0,0.1972,0.1975,0.1927,0.196,877544.17
1740661200000.0,0.1958,0.1958,0.1903,0.1917,896954.53
1740664800000.0,0.1917,0.1957,0.1904,0.192,594750.71
1740668400000.0,0.1918,0.1942,0.1835,0.1865,2153306.89
1740672000000.0,0.1868,0.1888,0.1764,0.1764,1894851.08
1740675600000.0,0.1773,0.1866,0.177,0.1844,3020816.9
1740679200000.0,0.1843,0.1848,0.1803,0.1805,555628.88
1740682800000.0,0.1805,0.1821,0.179,0.1809,382849.14
1740686400000.0,0.1808,0.1842,0.1781,0.1819,869004.64
1740690000000.0,0.182,0.1874,0.1814,0.1866,645169.82
1740693600000.0,0.1868,0.1891,0.1856,0.1876,501537.57
1740697200000.0,0.1873,0.188,0.1849,0.1857,372729.26
1740700800000.0,0.1858,0.1878,0.1824,0.184,679413.94
1740704400000.0,0.1839,0.1922,0.1829,0.1897,2286268.6
1740708000000.0,0.1897,0.1948,0.1875,0.1885,1675848.86
1740711600000.0,0.1891,0.197,0.1777,0.1823,3458219.8
1740715200000.0,0.1822,0.1885,0.1781,0.1856,1820880.57
1740718800000.0,0.1855,0.1918,0.1832,0.1917,758606.04
1740722400000.0,0.1918,0.1967,0.19,0.1919,2211335.46
1740726000000.0,0.192,0.1968,0.1864,0.1898,2773816.42
1740729600000.0,0.1898,0.1952,0.1886,0.1925,1618751.24
1740733200000.0,0.1926,0.2058,0.187,0.2039,2996106.31
1740736800000.0,0.204,0.209,0.1982,0.1999,2644696.13
1740740400000.0,0.1997,0.2024,0.1971,0.199,1793870.35
1740744000000.0,0.199,0.2056,0.1975,0.202,1771638.6
1740747600000.0,0.2021,0.2253,0.202,0.2202,4153743.05
1740751200000.0,0.2199,0.2283,0.2162,0.223,3144701.72
1740754800000.0,0.223,0.2433,0.2201,0.2382,6575795.84
1740758400000.0,0.2381,0.254,0.2328,0.2486,7538551.78
1740762000000.0,0.2488,0.2621,0.2421,0.2573,9386304.66
1740765600000.0,0.2572,0.29,0.2571,0.2814,14052286.77
1740769200000.0,0.2811,0.2831,0.2719,0.2753,8964549.25
1740772800000.0,0.2751,0.2825,0.2728,0.2784,9009645.2
1740776400000.0,0.278,0.3066,0.2738,0.301,9065338.19
1740780000000.0,0.3009,0.3095,0.2538,0.266,13450352.8
1740783600000.0,0.2658,0.2665,0.2523,0.2612,7382406.65
1740787200000.0,0.2616,0.262,0.2443,0.2451,5460245.31
1740790800000.0,0.2449,0.2551,0.2413,0.2531,5138838.35
1740794400000.0,0.2525,0.2534,0.2436,0.2495,2751011.75
1740798000000.0,0.2494,0.2569,0.2479,0.2518,2972825.86
1740801600000.0,0.2521,0.2565,0.2483,0.2491,2267034.16
1740805200000.0,0.2486,0.2556,0.2443,0.249,2214448.0
1740808800000.0,0.249,0.2507,0.2357,0.2401,3118085.4
1740812400000.0,0.24,0.2644,0.24,0.2564,4649222.15
1740816000000.0,0.2562,0.2595,0.2453,0.2463,1891199.86
1740819600000.0,0.246,0.2489,0.2316,0.2377,2810942.86
1740823200000.0,0.238,0.2381,0.2298,0.235,1967458.75
1740826800000.0,0.2347,0.2367,0.2232,0.2254,3196560.56
1740830400000.0,0.2254,0.2284,0.2212,0.2273,2394276.49
1740834000000.0,0.2275,0.2318,0.219,0.2223,2914364.87
1740837600000.0,0.2219,0.2257,0.2193,0.2226,1881585.64
1740841200000.0,0.2227,0.2228,0.2161,0.2166,3663985.73
1740844800000.0,0.2164,0.2228,0.2148,0.2223,2418155.49
1740848400000.0,0.2223,0.2237,0.2187,0.219,2404665.32
1740852000000.0,0.2195,0.2206,0.2175,0.2189,716067.22
1740855600000.0,0.2189,0.222,0.2165,0.2174,1917915.23
1740859200000.0,0.2174,0.2201,0.2159,0.2197,999107.67
1740862800000.0,0.2199,0.2233,0.2179,0.2225,1435437.34
1740866400000.0,0.2227,0.2234,0.2192,0.2215,1976770.83
1740870000000.0,0.2213,0.2222,0.2182,0.2215,945596.13
1740873600000.0,0.2215,0.2353,0.2208,0.2271,5756049.5
1740877200000.0,0.2276,0.2354,0.2246,0.2276,2470681.93
1740880800000.0,0.2276,0.2296,0.2186,0.2187,1887468.22
1740884400000.0,0.2187,0.2264,0.2181,0.224,1463541.75
1740888000000.0,0.2239,0.2319,0.2238,0.2301,1733370.3
1740891600000.0,0.23,0.2366,0.2266,0.2278,2659262.74
1740895200000.0,0.228,0.2396,0.2222,0.2326,2367952.48
1740898800000.0,0.2332,0.2428,0.2332,0.2416,2542718.26
1740902400000.0,0.2419,0.2446,0.2387,0.2401,2635399.57
1740906000000.0,0.2399,0.2557,0.2366,0.248,4025620.62
1740909600000.0,0.248,0.2574,0.2456,0.2527,3898829.27
1740913200000.0,0.2525,0.2548,0.2471,0.2494,1426017.64
1740916800000.0,0.2496,0.2551,0.2463,0.2481,2694839.11
1740920400000.0,0.2486,0.2486,0.2335,0.2399,3663701.4
1740924000000.0,0.2398,0.2432,0.2334,0.2367,1881462.72
1740927600000.0,0.2373,0.2446,0.2339,0.237,3036599.41
1740931200000.0,0.237,0.2461,0.2241,0.233,5602478.35
1740934800000.0,0.2329,0.2438,0.228,0.2333,6723901.61
1740938400000.0,0.2336,0.2438,0.2317,0.2401,2098808.1
1740942000000.0,0.2404,0.2486,0.2399,0.2425,2185997.26
1740945600000.0,0.2428,0.2437,0.2327,0.2335,2246011.22
1740949200000.0,0.2338,0.2378,0.229,0.2375,2238015.98
1740952800000.0,0.2378,0.2415,0.2365,0.2409,1382446.19
1740956400000.0,0.2409,0.2421,0.2368,0.238,3461602.64
1740960000000.0,0.2377,0.2457,0.2326,0.2358,5737447.08
1740963600000.0,0.2359,0.2492,0.2359,0.2473,3960874.91
1740967200000.0,0.2471,0.2498,0.2326,0.2346,5257389.18
1740970800000.0,0.2345,0.2363,0.2189,0.2228,4860604.05
1740974400000.0,0.223,0.226,0.2214,0.2238,3177073.29
1740978000000.0,0.2238,0.227,0.2196,0.2245,1631384.12
1740981600000.0,0.2243,0.2261,0.2125,0.2137,2150915.27
1740985200000.0,0.2139,0.2199,0.2116,0.2189,1865464.59
1740988800000.0,0.219,0.2227,0.2173,0.22,1684831.31
1740992400000.0,0.2199,0.2241,0.2181,0.2195,435253.59
1740996000000.0,0.2201,0.2237,0.2186,0.2221,672479.12
1740999600000.0,0.2219,0.2222,0.2148,0.2167,1569095.23
1741003200000.0,0.2171,0.2176,0.2107,0.214,1946034.97
1741006800000.0,0.2138,0.215,0.2076,0.2101,1703473.29
1741010400000.0,0.2102,0.2107,0.203,0.205,2846962.88
1741014000000.0,0.205,0.2075,0.2024,0.2048,2883518.52
1741017600000.0,0.2052,0.2113,0.204,0.2085,1828732.68
1741021200000.0,0.2084,0.2141,0.2082,0.2089,1903392.21
1741024800000.0,0.2091,0.2096,0.2029,0.2038,1709541.0
1741028400000.0,0.2037,0.2073,0.197,0.1987,2457810.55
1741032000000.0,0.1986,0.2037,0.1984,0.2012,1546393.22
1741035600000.0,0.2015,0.2023,0.1929,0.1945,883433.27
1741039200000.0,0.1948,0.2015,0.1948,0.1983,925481.33
1741042800000.0,0.1984,0.199,0.1949,0.196,361911.72
1741046400000.0,0.196,0.2032,0.1951,0.2003,1775278.3
1741050000000.0,0.2007,0.2048,0.1877,0.1904,2391702.77
1741053600000.0,0.1905,0.1907,0.1774,0.183,2820217.42
1741057200000.0,0.183,0.1894,0.1793,0.1869,1454770.56
1741060800000.0,0.187,0.1906,0.1858,0.1893,3672204.56
1741064400000.0,0.1894,0.1967,0.1883,0.1906,2805597.61
1741068000000.0,0.1908,0.1942,0.1895,0.1914,952336.24
1741071600000.0,0.1914,0.1988,0.1912,0.1952,1287360.89
1741075200000.0,0.1953,0.2064,0.1946,0.2047,1763956.86
1741078800000.0,0.2044,0.205,0.1974,0.1982,1445998.99
1741082400000.0,0.1981,0.2199,0.1977,0.2183,2182419.04
1741086000000.0,0.2179,0.2271,0.2163,0.2223,4055520.95
1741089600000.0,0.2224,0.2247,0.2116,0.213,2372696.35
1741093200000.0,0.2134,0.2227,0.2083,0.219,3522954.37
1741096800000.0,0.2189,0.2316,0.216,0.2167,3892517.94
1741100400000.0,0.2167,0.2184,0.2085,0.2103,2667836.25
1741104000000.0,0.2103,0.2129,0.199,0.2115,3553900.73
1741107600000.0,0.2117,0.2195,0.2116,0.2143,1981346.78
1741111200000.0,0.2145,0.2171,0.2105,0.2131,1457300.66
1741114800000.0,0.2132,0.2136,0.2087,0.2103,1451509.43
1741118400000.0,0.2102,0.2105,0.2058,0.2067,479900.35
1741122000000.0,0.2065,0.2133,0.2056,0.2096,1527852.72
1741125600000.0,0.2094,0.21,0.2057,0.2061,262331.36
1741129200000.0,0.2064,0.2098,0.2063,0.2075,1575673.38
1741132800000.0,0.2075,0.2136,0.2056,0.2067,2137533.68
1741136400000.0,0.2066,0.2068,0.2026,0.2049,1076514.28
1741140000000.0,0.205,0.205,0.2,0.2028,1524108.42
1741143600000.0,0.2029,0.2058,0.1984,0.2021,1120352.71
1741147200000.0,0.2022,0.2037,0.2004,0.2018,910956.37
1741150800000.0,0.2019,0.2052,0.2004,0.2011,994013.0
1741154400000.0,0.201,0.201,0.1929,0.1975,3188889.22
1741158000000.0,0.1972,0.1974,0.1937,0.1961,668721.73
1741161600000.0,0.1959,0.1997,0.1959,0.1982,804434.6
1741165200000.0,0.1981,0.2038,0.198,0.2031,721910.81
1741168800000.0,0.2031,0.2098,0.2014,0.2067,830044.15
1741172400000.0,0.2065,0.2065,0.1998,0.2012,817178.17
1741176000000.0,0.2013,0.2027,0.1976,0.1998,921934.03
1741179600000.0,0.1998,0.2033,0.1992,0.2026,1951348.02
1741183200000.0,0.2025,0.2053,0.2008,0.204,927742.08
1741186800000.0,0.2046,0.2066,0.199,0.1999,1181330.73
1741190400000.0,0.1997,0.1998,0.1919,0.1967,1196922.28
1741194000000.0,0.1966,0.2029,0.1966,0.2,733303.15
1741197600000.0,0.2001,0.2014,0.1982,0.2006,650486.93
1741201200000.0,0.2007,0.2036,0.2006,0.2018,390264.26
1741204800000.0,0.2019,0.2045,0.2008,0.2022,388922.73
1741208400000.0,0.202,0.2056,0.2018,0.2044,1220727.26
1741212000000.0,0.2043,0.2062,0.2034,0.2049,842466.74
1741215600000.0,0.2047,0.2051,0.2023,0.2032,992496.42
1741219200000.0,0.2033,0.2084,0.1999,0.2025,1260061.35
1741222800000.0,0.2025,0.2047,0.1978,0.2013,717015.3
1741226400000.0,0.2011,0.2037,0.1983,0.2004,557462.23
1741230000000.0,0.2005,0.2041,0.198,0.2011,1325371.22
1741233600000.0,0.2013,0.2013,0.1944,0.1983,1688849.03
1741237200000.0,0.1983,0.2068,0.1967,0.202,1077544.41
1741240800000.0,0.2019,0.2023,0.1947,0.1969,1490680.75
1741244400000.0,0.1968,0.1986,0.1934,0.1954,343913.17
1741248000000.0,0.1951,0.1967,0.1918,0.1957,1057434.11
1741251600000.0,0.1956,0.1962,0.1928,0.193,399493.94
1741255200000.0,0.1931,0.1952,0.1917,0.1936,364180.42
1741258800000.0,0.1939,0.1975,0.1929,0.1972,459354.46
1741262400000.0,0.1971,0.2039,0.1932,0.2004,1265496.12
1741266000000.0,0.201,0.2053,0.1963,0.2033,1211463.2
1741269600000.0,0.2032,0.2062,0.2,0.2015,618971.13
1741273200000.0,0.2013,0.2069,0.1999,0.2023,1233838.91
1741276800000.0,0.2024,0.2029,0.1964,0.1965,520609.25
1741280400000.0,0.1969,0.1973,0.1875,0.1899,1301072.54
1741284000000.0,0.1896,0.19,0.1864,0.189,569189.18
1741287600000.0,0.1892,0.1939,0.1885,0.1929,530020.95
1741291200000.0,0.1928,0.1948,0.1913,0.1938,252469.34
1741294800000.0,0.1939,0.1967,0.1932,0.1945,267646.48
1741298400000.0,0.1946,0.1995,0.1946,0.1986,533221.65
1741302000000.0,0.1988,0.2002,0.197,0.1976,264742.45
1741305600000.0,0.1976,0.1999,0.1921,0.1946,732210.81
1741309200000.0,0.1945,0.2086,0.193,0.207,2546686.3
1741312800000.0,0.2071,0.2111,0.2008,0.202,3322058.18
1741316400000.0,0.2017,0.2063,0.2015,0.2057,1420072.52
1741320000000.0,0.2058,0.2068,0.2019,0.2029,465666.66
1741323600000.0,0.2027,0.2065,0.1973,0.1988,1494658.93
1741327200000.0,0.1989,0.2018,0.1977,0.1985,714633.04
1741330800000.0,0.1986,0.1995,0.1934,0.195,1009306.6
1741334400000.0,0.1949,0.1964,0.1918,0.1944,417083.28
1741338000000.0,0.1945,0.2005,0.1945,0.196,628582.3
1741341600000.0,0.196,0.196,0.1895,0.1919,969474.33
1741345200000.0,0.1919,0.1935,0.1908,0.191,374323.93
1741348800000.0,0.1906,0.1912,0.1875,0.1884,1336924.72
1741352400000.0,0.1882,0.1922,0.1871,0.1888,1008256.38
1741356000000.0,0.1888,0.1932,0.1875,0.1908,1113832.64
1741359600000.0,0.1908,0.1919,0.1886,0.1902,334714.01
1741363200000.0,0.1903,0.1925,0.1881,0.1886,336095.21
1741366800000.0,0.1885,0.1892,0.1825,0.1867,1070001.49
1741370400000.0,0.1869,0.1954,0.1869,0.194,838897.36
1741374000000.0,0.1941,0.1946,0.1906,0.1914,964929.96
1741377600000.0,0.1917,0.1923,0.1887,0.1906,712563.89
1741381200000.0,0.1903,0.1903,0.1853,0.1883,515939.85
1741384800000.0,0.1881,0.1891,0.1859,0.1867,298108.46
1741388400000.0,0.1864,0.1864,0.1809,0.1828,506359.86
1741392000000.0,0.183,0.188,0.1818,0.1862,690284.85
1741395600000.0,0.1862,0.1903,0.1846,0.1896,1249492.95
1741399200000.0,0.1896,0.1933,0.1884,0.1899,2363234.21
1741402800000.0,0.1901,0.1924,0.1893,0.191,939144.35
1741406400000.0,0.1911,0.1923,0.1905,0.1918,304109.14
1741410000000.0,0.1919,0.1926,0.1899,0.1902,816926.55
1741413600000.0,0.1904,0.1924,0.1904,0.1911,146988.1
1741417200000.0,0.1914,0.1958,0.1914,0.1939,425434.64
1741420800000.0,0.1939,0.1942,0.1919,0.1933,152643.13
1741424400000.0,0.1932,0.1954,0.1864,0.1891,1492042.23
1741428000000.0,0.1892,0.1894,0.1871,0.189,458930.96
1741431600000.0,0.1891,0.1896,0.1664,0.1716,4082521.01
1741435200000.0,0.1716,0.1776,0.1685,0.1759,1202291.23
1741438800000.0,0.1759,0.1782,0.1739,0.1767,598528.29
1741442400000.0,0.1768,0.1799,0.1763,0.1777,245972.27
1741446000000.0,0.1777,0.1779,0.1751,0.1762,617832.45
1741449600000.0,0.1762,0.1785,0.1752,0.1769,473488.85
1741453200000.0,0.1771,0.1849,0.1764,0.1838,929688.68
1741456800000.0,0.1839,0.1844,0.1813,0.182,607615.55
1741460400000.0,0.1819,0.1821,0.1795,0.1808,230423.64
1741464000000.0,0.1807,0.1811,0.1764,0.1786,746560.08
1741467600000.0,0.1787,0.1798,0.1779,0.1782,204909.64
1741471200000.0,0.1783,0.1785,0.1761,0.1782,367775.69
1741474800000.0,0.1782,0.1808,0.1782,0.1785,382589.55
1741478400000.0,0.1784,0.1806,0.1773,0.1797,347034.39
1741482000000.0,0.1797,0.1808,0.1784,0.1801,221539.04
1741485600000.0,0.1798,0.1809,0.1777,0.1781,116343.35
1741489200000.0,0.1784,0.1811,0.1778,0.1789,1533286.22
1741492800000.0,0.1789,0.1794,0.1744,0.1748,485822.66
1741496400000.0,0.1747,0.1753,0.1704,0.1716,685338.43
1741500000000.0,0.1714,0.1735,0.1692,0.1735,403267.96
1741503600000.0,0.1733,0.1733,0.1712,0.1721,467554.16
1741507200000.0,0.1721,0.1722,0.1702,0.1712,299120.34
1741510800000.0,0.1712,0.1717,0.1682,0.1708,238433.18
1741514400000.0,0.1709,0.1726,0.1687,0.169,799301.26
1741518000000.0,0.169,0.1695,0.1665,0.1671,218007.35
1741521600000.0,0.1669,0.1679,0.1631,0.1634,508717.47
1741525200000.0,0.1635,0.1665,0.1634,0.164,547095.99
1741528800000.0,0.1638,0.1648,0.1603,0.1623,396348.65
1741532400000.0,0.1624,0.1626,0.1564,0.1588,567850.67
1741536000000.0,0.1589,0.1613,0.1557,0.1564,739849.41
1741539600000.0,0.1563,0.1583,0.1535,0.1546,777151.12
1741543200000.0,0.1547,0.1554,0.1502,0.153,780330.57
1741546800000.0,0.1527,0.1558,0.1522,0.1547,568639.31
1741550400000.0,0.1546,0.1566,0.1539,0.1549,416014.88
1741554000000.0,0.1551,0.1557,0.1542,0.1543,281212.7
1741557600000.0,0.1545,0.1557,0.1529,0.1553,287112.56
1741561200000.0,0.1553,0.1577,0.1548,0.1568,1092857.43
1741564800000.0,0.1569,0.1642,0.1554,0.1639,322071.11
1741568400000.0,0.164,0.1688,0.163,0.1632,1498753.39
1741572000000.0,0.1633,0.1665,0.1625,0.164,747001.34
1741575600000.0,0.1639,0.165,0.1626,0.1632,245249.48
1741579200000.0,0.1635,0.1652,0.1616,0.1638,370128.01
1741582800000.0,0.1638,0.1643,0.1622,0.1626,312119.78
1741586400000.0,0.1628,0.1657,0.1624,0.1653,164902.1
1741590000000.0,0.1656,0.1682,0.1648,0.1653,553661.93
1741593600000.0,0.1652,0.1653,0.1618,0.1629,645793.77
1741597200000.0,0.1628,0.1697,0.1603,0.1648,615599.15
1741600800000.0,0.1651,0.1683,0.1638,0.1639,152448.75
1741604400000.0,0.1644,0.1675,0.1636,0.1669,605205.42
1741608000000.0,0.167,0.1731,0.1657,0.169,1339189.37
1741611600000.0,0.1691,0.1697,0.1646,0.1653,356282.66
1741615200000.0,0.1652,0.1663,0.158,0.1632,1743488.2
1741618800000.0,0.1634,0.1654,0.1626,0.1636,452858.25
1741622400000.0,0.1638,0.1652,0.159,0.1595,1032458.11
1741626000000.0,0.1594,0.1619,0.1557,0.1588,937847.64
1741629600000.0,0.1588,0.1615,0.1546,0.155,555477.11
1741633200000.0,0.155,0.1597,0.1534,0.1582,851335.02
1741636800000.0,0.158,0.1607,0.1572,0.1579,368521.09
1741640400000.0,0.1578,0.1593,0.1557,0.1568,362285.81
1741644000000.0,0.1568,0.1577,0.1545,0.1552,497212.44
1741647600000.0,0.1551,0.1561,0.1529,0.1531,567653.2
1741651200000.0,0.1533,0.1575,0.1453,0.1486,1585788.44
1741654800000.0,0.1485,0.1574,0.1446,0.1572,1062174.12
1741658400000.0,0.1572,0.1607,0.1566,0.1574,994372.75
1741662000000.0,0.1573,0.1577,0.1555,0.156,894588.52
1741665600000.0,0.1558,0.1573,0.1543,0.1551,972898.53
1741669200000.0,0.1551,0.1625,0.1551,0.1605,3691891.71
1741672800000.0,0.1606,0.1654,0.16,0.1601,2596877.49
1741676400000.0,0.1604,0.1614,0.1593,0.1602,932456.1
1741680000000.0,0.1601,0.1622,0.1596,0.1599,566015.12
1741683600000.0,0.1599,0.1617,0.1585,0.1606,1183276.85
1741687200000.0,0.1606,0.1621,0.1598,0.1607,452477.56
1741690800000.0,0.1608,0.166,0.1603,0.1643,479984.79
1741694400000.0,0.1639,0.1671,0.1625,0.1625,314269.87
1741698000000.0,0.163,0.1707,0.1616,0.1671,1892481.02
1741701600000.0,0.167,0.1691,0.1577,0.1601,940843.8
1741705200000.0,0.1599,0.1662,0.1597,0.1656,286043.49
1741708800000.0,0.1654,0.1699,0.1652,0.1664,836564.96
1741712400000.0,0.1662,0.1674,0.1624,0.1645,232683.73
1741716000000.0,0.1646,0.1714,0.1646,0.1694,399775.89
1741719600000.0,0.1693,0.1704,0.1682,0.1688,455057.55
1741723200000.0,0.1687,0.1692,0.1651,0.1655,143821.49
1741726800000.0,0.1654,0.1668,0.1648,0.1653,60747.65
1741730400000.0,0.1654,0.1657,0.1639,0.1651,146092.0
1741734000000.0,0.165,0.165,0.1616,0.1623,509998.62
1741737600000.0,0.1624,0.1638,0.1598,0.1608,355927.58
1741741200000.0,0.161,0.1665,0.1608,0.166,302802.28
1741744800000.0,0.1661,0.1706,0.1656,0.17,1430031.95
1741748400000.0,0.1703,0.1726,0.168,0.1682,814025.53
1741752000000.0,0.1681,0.1688,0.1604,0.1618,549247.73
1741755600000.0,0.1616,0.1629,0.1592,0.1613,221931.95
1741759200000.0,0.1612,0.1633,0.1599,0.1618,635763.97
1741762800000.0,0.1619,0.166,0.1617,0.1625,425173.46
1741766400000.0,0.1625,0.1668,0.1618,0.1655,411182.21
1741770000000.0,0.1656,0.1678,0.1602,0.1614,197607.59
1741773600000.0,0.1612,0.1613,0.1582,0.1605,101256.9
1741777200000.0,0.1605,0.1617,0.1589,0.1615,77678.25
1741780800000.0,0.1616,0.1671,0.1597,0.1663,185346.75
1741784400000.0,0.1665,0.169,0.164,0.1646,138138.96
1741788000000.0,0.1648,0.1662,0.1605,0.1609,420358.74
1741791600000.0,0.161,0.1638,0.1579,0.1621,248797.97
1741795200000.0,0.162,0.1677,0.1612,0.1654,298672.14
1741798800000.0,0.1656,0.1676,0.1656,0.1661,302452.5
1741802400000.0,0.1664,0.1686,0.1657,0.1677,101967.47
1741806000000.0,0.1676,0.1681,0.1637,0.1651,235340.89
1741809600000.0,0.1652,0.167,0.1645,0.1664,47257.34
1741813200000.0,0.1665,0.1682,0.166,0.1667,157737.23
1741816800000.0,0.1665,0.1679,0.1662,0.1674,189323.42
1741820400000.0,0.1675,0.1675,0.1661,0.1663,109214.9
1741824000000.0,0.1662,0.1667,0.1583,0.1611,1020866.63
1741827600000.0,0.1611,0.1622,0.1597,0.1618,327443.84
1741831200000.0,0.1619,0.1629,0.161,0.1624,160086.28
1741834800000.0,0.1624,0.1646,0.1615,0.164,242476.73
1741838400000.0,0.1639,0.1645,0.1604,0.1609,394958.56
1741842000000.0,0.161,0.1632,0.1603,0.1609,244818.44
1741845600000.0,0.1611,0.1611,0.1589,0.1601,94437.22
1741849200000.0,0.1599,0.1658,0.159,0.1652,457649.42
1741852800000.0,0.1653,0.1672,0.1631,0.1655,516994.08
1741856400000.0,0.1657,0.1689,0.1657,0.1671,2118747.35
1741860000000.0,0.1672,0.1703,0.1652,0.1659,1020088.83
1741863600000.0,0.1658,0.1663,0.164,0.1652,263109.13
1741867200000.0,0.1653,0.1805,0.1635,0.1665,5133060.35
1741870800000.0,0.1666,0.1697,0.165,0.1667,1756706.3
1741874400000.0,0.167,0.17,0.1654,0.17,1428707.22
1741878000000.0,0.17,0.1838,0.1679,0.1719,4035843.62
1741881600000.0,0.172,0.1782,0.1696,0.1753,2341466.48
1741885200000.0,0.1754,0.1766,0.1706,0.1726,1731946.41
1741888800000.0,0.1727,0.1774,0.1719,0.1745,1243838.79
1741892400000.0,0.1741,0.1741,0.1707,0.1711,1302042.1
1741896000000.0,0.1712,0.1744,0.1658,0.1678,1265528.86
1741899600000.0,0.1679,0.1691,0.1653,0.1679,254017.93
1741903200000.0,0.168,0.175,0.1679,0.1724,2262570.03
1741906800000.0,0.1726,0.1741,0.1704,0.1713,433097.59
1741910400000.0,0.171,0.1738,0.1705,0.1718,858120.48
1741914000000.0,0.1718,0.1731,0.1699,0.1731,424788.69
1741917600000.0,0.1732,0.1769,0.1724,0.1761,2045664.92
1741921200000.0,0.1758,0.183,0.1738,0.1743,2892039.78
1741924800000.0,0.1742,0.1753,0.1714,0.1719,999100.1
1741928400000.0,0.172,0.1752,0.172,0.1733,844964.44
1741932000000.0,0.1735,0.179,0.1728,0.178,1032990.25
1741935600000.0,0.1781,0.1797,0.1757,0.1759,401347.25
1741939200000.0,0.1758,0.1792,0.1749,0.178,467623.57
1741942800000.0,0.178,0.1799,0.1737,0.175,804741.61
1741946400000.0,0.175,0.1831,0.1739,0.1809,1386868.34
1741950000000.0,0.1811,0.184,0.1807,0.1808,1833497.97
1741953600000.0,0.1809,0.1873,0.1807,0.186,1532806.69
1741957200000.0,0.186,0.1867,0.1821,0.184,1725830.76
1741960800000.0,0.1843,0.1976,0.1843,0.1959,3618738.29
1741964400000.0,0.1958,0.206,0.1947,0.2,3299371.81
1741968000000.0,0.1998,0.2121,0.1997,0.2111,4059745.73
1741971600000.0,0.2112,0.2166,0.2044,0.2054,4142529.15
1741975200000.0,0.2052,0.2128,0.205,0.2123,1272414.15
1741978800000.0,0.2121,0.2151,0.2088,0.212,2204041.85
1741982400000.0,0.2123,0.2156,0.2085,0.2091,2232779.99
1741986000000.0,0.2092,0.2113,0.2063,0.2071,770033.1
1741989600000.0,0.2072,0.2087,0.2043,0.2048,768828.98
1741993200000.0,0.205,0.2092,0.2015,0.203,1931253.34
1741996800000.0,0.2034,0.2039,0.1988,0.1992,1326758.63
1742000400000.0,0.1989,0.2006,0.1967,0.1967,258488.81
1742004000000.0,0.1971,0.2004,0.1963,0.1999,222928.85
1742007600000.0,0.1997,0.202,0.1965,0.1991,608324.25
1742011200000.0,0.1993,0.205,0.1993,0.2005,1245752.63
1742014800000.0,0.2008,0.2043,0.1971,0.1977,735778.2
1742018400000.0,0.1977,0.1977,0.1935,0.1958,578490.76
1742022000000.0,0.1957,0.1969,0.1941,0.1966,99398.28
1742025600000.0,0.1964,0.2,0.1951,0.1994,248000.07
1742029200000.0,0.1993,0.2049,0.1993,0.2009,578146.06
1742032800000.0,0.201,0.2014,0.1973,0.1984,660127.87
1742036400000.0,0.1987,0.1987,0.1964,0.1976,159634.44
1742040000000.0,0.1977,0.1996,0.1952,0.1955,359992.74
1742043600000.0,0.1956,0.1975,0.1948,0.197,223968.0
1742047200000.0,0.1975,0.1985,0.1958,0.1984,313202.18
1742050800000.0,0.1984,0.2008,0.1973,0.2005,373836.19
1742054400000.0,0.2005,0.2021,0.1975,0.1989,198398.68
1742058000000.0,0.1988,0.2015,0.1979,0.2004,291335.03
1742061600000.0,0.2002,0.2027,0.1993,0.2023,367193.4
1742065200000.0,0.2024,0.2025,0.1983,0.2017,247883.26
1742068800000.0,0.2018,0.2026,0.1995,0.1995,147228.51
1742072400000.0,0.1994,0.2032,0.1993,0.2017,302801.87
1742076000000.0,0.2016,0.2016,0.1986,0.1997,326580.5
1742079600000.0,0.1996,0.201,0.1987,0.2008,1254975.01
1742083200000.0,0.2006,0.2014,0.1987,0.1996,534170.45
1742086800000.0,0.1998,0.1999,0.1951,0.1986,651575.35
1742090400000.0,0.1985,0.1997,0.1961,0.1972,465787.13
1742094000000.0,0.1974,0.2003,0.1964,0.1967,722047.83
1742097600000.0,0.1968,0.1982,0.1956,0.1965,630837.62
1742101200000.0,0.1965,0.1977,0.1949,0.1977,191777.81
1742104800000.0,0.1976,0.1995,0.1963,0.1995,490585.41
1742108400000.0,0.1989,0.1999,0.1979,0.1987,210925.42
1742112000000.0,0.1986,0.201,0.1973,0.1995,415101.51
1742115600000.0,0.1993,0.2004,0.1976,0.1994,260892.96
1742119200000.0,0.1994,0.2012,0.1984,0.1984,246483.05
1742122800000.0,0.1985,0.1998,0.1921,0.1948,1001397.49
1742126400000.0,0.1944,0.1953,0.1873,0.188,1321880.54
1742130000000.0,0.1879,0.1895,0.1826,0.1835,639070.56
1742133600000.0,0.1833,0.1853,0.1815,0.1841,710558.04
1742137200000.0,0.1841,0.1845,0.1813,0.1826,508916.42
1742140800000.0,0.1825,0.1871,0.1818,0.1849,379876.22
1742144400000.0,0.1851,0.1865,0.1818,0.1826,256927.35
1742148000000.0,0.1825,0.1841,0.1815,0.184,294632.22
1742151600000.0,0.1839,0.1839,0.1795,0.1807,498270.78
1742155200000.0,0.1809,0.1832,0.1803,0.1831,400439.25
1742158800000.0,0.183,0.1839,0.1821,0.1827,244090.08
1742162400000.0,0.1828,0.1828,0.1808,0.1813,84367.36
1742166000000.0,0.1814,0.1821,0.1796,0.1814,415680.52
1742169600000.0,0.1814,0.1831,0.1802,0.1821,565718.8
1742173200000.0,0.1822,0.1828,0.1806,0.1824,123728.29
1742176800000.0,0.1826,0.1829,0.1811,0.1815,207970.09
1742180400000.0,0.1817,0.1835,0.1814,0.1821,498036.94
1742184000000.0,0.1824,0.1833,0.1813,0.1818,202382.79
1742187600000.0,0.1821,0.1831,0.1812,0.1815,112251.4
1742191200000.0,0.1814,0.182,0.1772,0.1786,1001980.55
1742194800000.0,0.1787,0.1838,0.1787,0.1837,403859.99
1742198400000.0,0.1837,0.1856,0.1819,0.1844,475541.21
1742202000000.0,0.1843,0.1848,0.1823,0.1826,358892.17
1742205600000.0,0.1827,0.1827,0.1808,0.1808,490443.0
1742209200000.0,0.1809,0.1831,0.1795,0.1831,298330.05
1742212800000.0,0.1836,0.184,0.1778,0.1782,414770.66
1742216400000.0,0.1783,0.1816,0.1764,0.1797,349699.88
1742220000000.0,0.1796,0.1842,0.1783,0.1801,1109532.41
1742223600000.0,0.18,0.1814,0.1788,0.1813,381255.77
1742227200000.0,0.181,0.1821,0.1784,0.1795,111844.89
1742230800000.0,0.1792,0.1828,0.1792,0.1827,90694.55
1742234400000.0,0.1823,0.1844,0.182,0.1842,1631943.82
1742238000000.0,0.1843,0.1845,0.1834,0.1841,46953.88
